"""Lookup tables from CTCaer's Joy-Con Toolkit (luts.h, ir_sensor.h, tune.h).

Generated by tools/gen_tables.py. Copyright (c) 2018 CTCaer, MIT license."""

# HD Rumble amplitude encoding: float amplitude, high band byte, low band word
AMP_FLOAT = (
    0.0, 0.007843, 0.011823, 0.014061, 0.01672, 0.019885, 0.023648, 0.028123,
    0.033442, 0.039771, 0.047296, 0.056246, 0.066886, 0.079542, 0.094592, 0.112491,
    0.117471, 0.122671, 0.128102, 0.133774, 0.139697, 0.145882, 0.152341, 0.159085,
    0.166129, 0.173484, 0.181166, 0.189185, 0.197561, 0.206308, 0.215442, 0.224982,
    0.229908, 0.234943, 0.240087, 0.245345, 0.250715, 0.256206, 0.261816, 0.267549,
    0.273407, 0.279394, 0.285514, 0.291765, 0.298154, 0.304681, 0.311353, 0.318171,
    0.325138, 0.332258, 0.339534, 0.346969, 0.354566, 0.362331, 0.370265, 0.378372,
    0.386657, 0.395124, 0.403777, 0.412619, 0.421652, 0.430885, 0.440321, 0.449964,
    0.459817, 0.469885, 0.480174, 0.490689, 0.501433, 0.512413, 0.523633, 0.5351,
    0.546816, 0.55879, 0.571027, 0.58353, 0.596307, 0.609365, 0.622708, 0.636344,
    0.650279, 0.664518, 0.679069, 0.693939, 0.709133, 0.724662, 0.740529, 0.756745,
    0.773316, 0.790249, 0.807554, 0.825237, 0.843307, 0.861772, 0.880643, 0.899928,
    0.919633, 0.939771, 0.960348, 0.981378, 1.002867,
)

AMP_HA = (
    0x00, 0x02, 0x04, 0x06, 0x08, 0x0A, 0x0C, 0x0E, 0x10, 0x12, 0x14, 0x16, 0x18, 0x1A, 0x1C, 0x1E,
    0x20, 0x22, 0x24, 0x26, 0x28, 0x2A, 0x2C, 0x2E, 0x30, 0x32, 0x34, 0x36, 0x38, 0x3A, 0x3C, 0x3E,
    0x40, 0x42, 0x44, 0x46, 0x48, 0x4A, 0x4C, 0x4E, 0x50, 0x52, 0x54, 0x56, 0x58, 0x5A, 0x5C, 0x5E,
    0x60, 0x62, 0x64, 0x66, 0x68, 0x6A, 0x6C, 0x6E, 0x70, 0x72, 0x74, 0x76, 0x78, 0x7A, 0x7C, 0x7E,
    0x80, 0x82, 0x84, 0x86, 0x88, 0x8A, 0x8C, 0x8E, 0x90, 0x92, 0x94, 0x96, 0x98, 0x9A, 0x9C, 0x9E,
    0xA0, 0xA2, 0xA4, 0xA6, 0xA8, 0xAA, 0xAC, 0xAE, 0xB0, 0xB2, 0xB4, 0xB6, 0xB8, 0xBA, 0xBC, 0xBE,
    0xC0, 0xC2, 0xC4, 0xC6, 0xC8,
)

AMP_LA = (
    0x0040, 0x8040, 0x0041, 0x8041, 0x0042, 0x8042, 0x0043, 0x8043, 0x0044, 0x8044, 0x0045, 0x8045,
    0x0046, 0x8046, 0x0047, 0x8047, 0x0048, 0x8048, 0x0049, 0x8049, 0x004A, 0x804A, 0x004B, 0x804B,
    0x004C, 0x804C, 0x004D, 0x804D, 0x004E, 0x804E, 0x004F, 0x804F, 0x0050, 0x8050, 0x0051, 0x8051,
    0x0052, 0x8052, 0x0053, 0x8053, 0x0054, 0x8054, 0x0055, 0x8055, 0x0056, 0x8056, 0x0057, 0x8057,
    0x0058, 0x8058, 0x0059, 0x8059, 0x005A, 0x805A, 0x005B, 0x805B, 0x005C, 0x805C, 0x005D, 0x805D,
    0x005E, 0x805E, 0x005F, 0x805F, 0x0060, 0x8060, 0x0061, 0x8061, 0x0062, 0x8062, 0x0063, 0x8063,
    0x0064, 0x8064, 0x0065, 0x8065, 0x0066, 0x8066, 0x0067, 0x8067, 0x0068, 0x8068, 0x0069, 0x8069,
    0x006A, 0x806A, 0x006B, 0x806B, 0x006C, 0x806C, 0x006D, 0x806D, 0x006E, 0x806E, 0x006F, 0x806F,
    0x0070, 0x8070, 0x0071, 0x8071, 0x0072,
)

MCU_CRC8 = (
    0x00, 0x07, 0x0E, 0x09, 0x1C, 0x1B, 0x12, 0x15, 0x38, 0x3F, 0x36, 0x31, 0x24, 0x23, 0x2A, 0x2D,
    0x70, 0x77, 0x7E, 0x79, 0x6C, 0x6B, 0x62, 0x65, 0x48, 0x4F, 0x46, 0x41, 0x54, 0x53, 0x5A, 0x5D,
    0xE0, 0xE7, 0xEE, 0xE9, 0xFC, 0xFB, 0xF2, 0xF5, 0xD8, 0xDF, 0xD6, 0xD1, 0xC4, 0xC3, 0xCA, 0xCD,
    0x90, 0x97, 0x9E, 0x99, 0x8C, 0x8B, 0x82, 0x85, 0xA8, 0xAF, 0xA6, 0xA1, 0xB4, 0xB3, 0xBA, 0xBD,
    0xC7, 0xC0, 0xC9, 0xCE, 0xDB, 0xDC, 0xD5, 0xD2, 0xFF, 0xF8, 0xF1, 0xF6, 0xE3, 0xE4, 0xED, 0xEA,
    0xB7, 0xB0, 0xB9, 0xBE, 0xAB, 0xAC, 0xA5, 0xA2, 0x8F, 0x88, 0x81, 0x86, 0x93, 0x94, 0x9D, 0x9A,
    0x27, 0x20, 0x29, 0x2E, 0x3B, 0x3C, 0x35, 0x32, 0x1F, 0x18, 0x11, 0x16, 0x03, 0x04, 0x0D, 0x0A,
    0x57, 0x50, 0x59, 0x5E, 0x4B, 0x4C, 0x45, 0x42, 0x6F, 0x68, 0x61, 0x66, 0x73, 0x74, 0x7D, 0x7A,
    0x89, 0x8E, 0x87, 0x80, 0x95, 0x92, 0x9B, 0x9C, 0xB1, 0xB6, 0xBF, 0xB8, 0xAD, 0xAA, 0xA3, 0xA4,
    0xF9, 0xFE, 0xF7, 0xF0, 0xE5, 0xE2, 0xEB, 0xEC, 0xC1, 0xC6, 0xCF, 0xC8, 0xDD, 0xDA, 0xD3, 0xD4,
    0x69, 0x6E, 0x67, 0x60, 0x75, 0x72, 0x7B, 0x7C, 0x51, 0x56, 0x5F, 0x58, 0x4D, 0x4A, 0x43, 0x44,
    0x19, 0x1E, 0x17, 0x10, 0x05, 0x02, 0x0B, 0x0C, 0x21, 0x26, 0x2F, 0x28, 0x3D, 0x3A, 0x33, 0x34,
    0x4E, 0x49, 0x40, 0x47, 0x52, 0x55, 0x5C, 0x5B, 0x76, 0x71, 0x78, 0x7F, 0x6A, 0x6D, 0x64, 0x63,
    0x3E, 0x39, 0x30, 0x37, 0x22, 0x25, 0x2C, 0x2B, 0x06, 0x01, 0x08, 0x0F, 0x1A, 0x1D, 0x14, 0x13,
    0xAE, 0xA9, 0xA0, 0xA7, 0xB2, 0xB5, 0xBC, 0xBB, 0x96, 0x91, 0x98, 0x9F, 0x8A, 0x8D, 0x84, 0x83,
    0xDE, 0xD9, 0xD0, 0xD7, 0xC2, 0xC5, 0xCC, 0xCB, 0xE6, 0xE1, 0xE8, 0xEF, 0xFA, 0xFD, 0xF4, 0xF3,
)

# IR camera Ironbow palette, 0xRRGGBB
IRON_PALETTE = (
    0xFF000014, 0xFF000025, 0xFF00002A, 0xFF000032, 0xFF000036, 0xFF00003E, 0xFF000042, 0xFF00004F,
    0xFF010055, 0xFF010057, 0xFF02005C, 0xFF03005E, 0xFF040063, 0xFF050065, 0xFF070069, 0xFF0A0070,
    0xFF0B0073, 0xFF0D0075, 0xFF0D0076, 0xFF100078, 0xFF120079, 0xFF15007C, 0xFF17007D, 0xFF1C0081,
    0xFF200084, 0xFF220085, 0xFF260087, 0xFF280089, 0xFF2C008A, 0xFF2E008B, 0xFF32008D, 0xFF38008F,
    0xFF390090, 0xFF3C0092, 0xFF3E0093, 0xFF410094, 0xFF420095, 0xFF450096, 0xFF470096, 0xFF4C0097,
    0xFF4F0097, 0xFF510097, 0xFF540098, 0xFF560098, 0xFF5A0099, 0xFF5C0099, 0xFF5F009A, 0xFF64009B,
    0xFF66009B, 0xFF6A009B, 0xFF6C009C, 0xFF6F009C, 0xFF70009C, 0xFF73009D, 0xFF75009D, 0xFF7A009D,
    0xFF7E009D, 0xFF7F009D, 0xFF83009D, 0xFF84009D, 0xFF87009D, 0xFF89009D, 0xFF8B009D, 0xFF91009C,
    0xFF93009C, 0xFF96009B, 0xFF98009B, 0xFF9B009B, 0xFF9C009B, 0xFF9F009B, 0xFFA0009B, 0xFFA4009B,
    0xFFA7009A, 0xFFA8009A, 0xFFAA0099, 0xFFAB0099, 0xFFAE0198, 0xFFAF0198, 0xFFB00198, 0xFFB30196,
    0xFFB40296, 0xFFB60295, 0xFFB70395, 0xFFB90495, 0xFFBA0495, 0xFFBB0593, 0xFFBC0593, 0xFFBF0692,
    0xFFC00791, 0xFFC00791, 0xFFC10990, 0xFFC20A8F, 0xFFC30B8E, 0xFFC40C8D, 0xFFC60D8B, 0xFFC81088,
    0xFFC91187, 0xFFCA1385, 0xFFCB1385, 0xFFCC1582, 0xFFCD1681, 0xFFCE187E, 0xFFCF187C, 0xFFD11B78,
    0xFFD21C75, 0xFFD21D74, 0xFFD32071, 0xFFD4216F, 0xFFD5236B, 0xFFD52469, 0xFFD72665, 0xFFD92A60,
    0xFFDA2B5E, 0xFFDB2E5A, 0xFFDB2F57, 0xFFDD3051, 0xFFDD314E, 0xFFDE3347, 0xFFDF3444, 0xFFE0373A,
    0xFFE03933, 0xFFE13A30, 0xFFE23C2A, 0xFFE33D26, 0xFFE43F20, 0xFFE4411D, 0xFFE5431B, 0xFFE64616,
    0xFFE74715, 0xFFE74913, 0xFFE84A12, 0xFFE84C0F, 0xFFE94D0E, 0xFFEA4E0C, 0xFFEA4F0C, 0xFFEB520A,
    0xFFEC5409, 0xFFEC5608, 0xFFEC5808, 0xFFED5907, 0xFFED5B06, 0xFFEE5C06, 0xFFEE5D05, 0xFFEF6004,
    0xFFEF6104, 0xFFF06303, 0xFFF06403, 0xFFF16603, 0xFFF16603, 0xFFF16803, 0xFFF16902, 0xFFF16B02,
    0xFFF26D01, 0xFFF26E01, 0xFFF37001, 0xFFF37101, 0xFFF47300, 0xFFF47400, 0xFFF47600, 0xFFF47A00,
    0xFFF57B00, 0xFFF57E00, 0xFFF57F00, 0xFFF68100, 0xFFF68200, 0xFFF78400, 0xFFF78500, 0xFFF88800,
    0xFFF88900, 0xFFF88A00, 0xFFF88C00, 0xFFF98D00, 0xFFF98E00, 0xFFF98F00, 0xFFF99100, 0xFFFA9400,
    0xFFFA9500, 0xFFFB9800, 0xFFFB9900, 0xFFFB9C00, 0xFFFC9D00, 0xFFFCA000, 0xFFFCA100, 0xFFFDA400,
    0xFFFDA700, 0xFFFDA800, 0xFFFDAB00, 0xFFFDAC00, 0xFFFDAE00, 0xFFFEAF00, 0xFFFEB100, 0xFFFEB400,
    0xFFFEB500, 0xFFFEB800, 0xFFFEB900, 0xFFFEBA00, 0xFFFEBB00, 0xFFFEBD00, 0xFFFEBE00, 0xFFFEC200,
    0xFFFEC400, 0xFFFEC500, 0xFFFEC700, 0xFFFEC800, 0xFFFECA01, 0xFFFECA01, 0xFFFECC02, 0xFFFECF04,
    0xFFFECF04, 0xFFFED106, 0xFFFED308, 0xFFFED50A, 0xFFFED60A, 0xFFFED80C, 0xFFFED90D, 0xFFFFDB10,
    0xFFFFDC14, 0xFFFFDD16, 0xFFFFDE1B, 0xFFFFDF1E, 0xFFFFE122, 0xFFFFE224, 0xFFFFE328, 0xFFFFE531,
    0xFFFFE635, 0xFFFFE73C, 0xFFFFE83F, 0xFFFFEA46, 0xFFFFEB49, 0xFFFFEC50, 0xFFFFED54, 0xFFFFEE5F,
    0xFFFFEF67, 0xFFFFF06A, 0xFFFFF172, 0xFFFFF177, 0xFFFFF280, 0xFFFFF285, 0xFFFFF38E, 0xFFFFF49A,
    0xFFFFF59E, 0xFFFFF5A6, 0xFFFFF6AA, 0xFFFFF7B3, 0xFFFFF7B6, 0xFFFFF8BD, 0xFFFFF8C1, 0xFFFFF9CA,
    0xFFFFFAD1, 0xFFFFFAD4, 0xFFFFFCDB, 0xFFFFFCDF, 0xFFFFFDE5, 0xFFFFFDE8, 0xFFFFFEEE, 0xFFFFFFF6,
)

# Easter egg tunes: one 4-byte rumble sample (big endian) every 15ms
TUNE_SMB = (
    0xBF375F7B, 0xBE37C362, 0xBE10BF77, 0xCEF75E6C, 0xC6F7DE71, 0xBBF74240, 0xCEF75E6E, 0xCEF74279,
    0xBE396775, 0xCE37C36E, 0xCE374374, 0xBE17DF6F, 0xCF39E77D, 0xCE3DAF6B, 0xCA175F40, 0xCEECC260,
    0xCEF75E6C, 0xBEE0E672, 0xBEF75E6E, 0xBEF0DE6C, 0xCEF7666C, 0xCE39DF74, 0xCE37DF6D, 0xCEF03E78,
    0xCEED3E72, 0xCEF9E26D, 0xBFF0BE7B, 0xBE20C36F, 0xCE10E779, 0xBE305F78, 0xBE39E375, 0xBEF0E676,
    0xBE37DF6A, 0xBE2F835D, 0xBE175F69, 0xCBF74240, 0xBE39DF6C, 0xCE175F67, 0xCE303F77, 0xCEF7DE69,
    0xBFF85E72, 0x8A2BB642, 0x23B01848, 0xB6B01C76, 0xFACE1A5A, 0xFE2D1F6B, 0xFEEC4F6C, 0x9ECC4C6B,
    0xFEAC436A, 0xEEC99E66, 0xEA708146, 0xEAB1B747, 0x9BB09849, 0xFE717B6F, 0xEBC8FF5B, 0x3AF69F53,
    0xBEDC776B, 0xF2DC764F, 0xB6BA435C, 0xB6E9C25B, 0xF6728148, 0x8B51C343, 0xEEB08379, 0xBBF80240,
    0xCF38E37A, 0xCF38637B, 0xCF38E37D, 0xBF38E378, 0xCF38E37C, 0xBF30BF79, 0xBE39E36E, 0xE1B32D05,
    0x9BF09F59, 0x3ED04E71, 0xB2779E49, 0x3EDDC271, 0xFEFD435C, 0xB6E8C35B, 0xFEFD435E, 0xAE8A435C,
    0xEE6C815B, 0xBBF80240, 0xBFF8E275, 0xBFF8E278, 0xCF38637D, 0xCFF8E27B, 0xBF18637C, 0xBFF8627D,
    0xCF38637D, 0xCEF7E674, 0xC6375F6B, 0x5A693645, 0x4308424A, 0x8E9DC27A, 0xEAA87754, 0x4FE89F72,
    0x9EFDC371, 0xEAC86A4E, 0xEED0E36A, 0xDEBD435E, 0xEA6CB942, 0xEA2DAA45, 0xFBD01C49, 0xD7FDA370,
    0x96BA4261, 0xEBF1C750, 0x9ADDF74B, 0xEE0D2160, 0xC2CD3B4A, 0xEACA4249, 0xEE72815B, 0xBBF87A40,
    0xBFF86270, 0xBFF86274, 0xBF38637E, 0xBFF8627B, 0xCFF8E27D, 0xCF18E37E, 0xBF30637C, 0xCE37435B,
    0x86375F71, 0xEBB12B46, 0x37FF2077, 0xCEF4FF77, 0xFAFA7F4D, 0x47B97F74, 0x9A164F49, 0x425CCE47,
    0x8A56FB4A, 0xFB4B664B, 0xFB607D47, 0xCBF06240, 0xCEF86260, 0xBFF86273, 0xBF38637D, 0xC2386340,
    0xBF38637C, 0xCF38637E, 0xBFF7427C, 0xBE303F60, 0xCE0FE771, 0xBEE0E674, 0xBE37DF6E, 0xCE306777,
    0xCE30E776, 0xBEF7C274, 0xCEF76670, 0xBFF7DE7D, 0xCE375F6D, 0xCE37E771, 0xBF375F75, 0xEBD1C744,
    0xFAFF7F42, 0x8A514740, 0x8E71C27B, 0xEEB1C37A, 0xEE307671, 0xBBED7640, 0xF3190300, 0xCF30E37E,
    0xCE30376E, 0xD7F02B06, 0xEF31A171, 0xFFA9777C, 0xD2BA7F4C, 0xFB34FE46, 0xB2BD3F48, 0xFB916A46,
    0x8A317347, 0xCA892B49, 0xFBF80344, 0xFE71C27C, 0xFEEC0373, 0xCBF80240, 0xFE77C26D, 0xBE174360,
    0xBEE03660, 0xBFF8E279, 0xBBF06640, 0xCE37DF70, 0xBE376378, 0x9B734E43, 0xFAAC7F41, 0xCB380340,
    0xBFF86279, 0xBFF86277, 0xCFF8E27A, 0xBFF8627C, 0xBFF8E279, 0xCFF0E27C, 0xCE395F76, 0xEB1F4E44,
    0xEFF93378, 0xEEE0C37A, 0xC3386340, 0xBF386379, 0xCF38E37E, 0xCFF8E27C, 0xCF2CE37D, 0x86395F71,
    0x8717DF77, 0xEA103D4A, 0x47E7A077, 0xEF31DE6E, 0x4A675F4B, 0xEA7D1E49, 0xEA681E47, 0xEE374272,
    0x9EA9C376, 0xB6B03F74, 0xEA780144, 0xC3204340, 0xBF38E373, 0xBFF86272, 0xCF38E37D, 0xCBF86240,
    0xC7F8E27B, 0xBF38637D, 0xCF18E37E, 0x8637C34A, 0xBFF05E73, 0xF331C644, 0xEBA0BB45, 0xCBF86240,
    0xCF38E378, 0xBA386340, 0xCF38637A, 0xCFF8E279, 0xBFF8627C, 0xCF30637C, 0xCE37C379, 0x9A6A3A45,
    0xB367224A, 0xB6E8C373, 0xFAEF2350, 0x52A9A346, 0x92302249, 0xFAA92347, 0xF22FB646, 0xE2AAC349,
    0x5EB80357, 0xFEB3DB76, 0xF2B07742, 0xEAF15F40, 0xEA5D7643, 0xFA6C4A41, 0xEECF7F72, 0xBBE03640,
    0x8738E379, 0xCF38E378, 0xCFF8627B, 0xBFF8E27C, 0xBFF8627D, 0xCB386340, 0xCF38E37E, 0xBA306340,
    0xBE37C363, 0xCE374370, 0xBEF0BE6B, 0xBFF75E7B, 0xCE37676E, 0x9A6A3244, 0x4B701E46, 0x52091E49,
    0xF7A89E6E, 0xEF2FB777, 0x8A2A2247, 0xEE29225F, 0xEA6FA646, 0x9A702646, 0xEBF80345, 0xCBF86240,
    0xCF38E37B, 0xCF30637B, 0x96714279, 0xFB604642, 0xCB106340, 0xCE386360, 0xBFF86274, 0xBF38E378,
    0xCEF7E26F, 0x431D2E47, 0xEE70015E, 0xBBF80240, 0xCFF8E274, 0xC720C375, 0xCE38034E, 0xBFF8E274,
    0xCF38637C, 0xCF10E37C, 0xBE375F68, 0x5A1DBA46, 0xD7101D75, 0xEE28C274, 0xE2A8474F, 0xFAEF2350,
    0x9A509D46, 0xEAE91F4A, 0xB287774B, 0x8A67274C, 0xEA6C8145, 0xEEF04774, 0xEEA0B37E, 0xCB386340,
    0xBFF86271, 0xBF38E37B, 0xCF38637E, 0xCFF8E27C, 0xCF2F437C, 0x8637636F, 0xBF30E779, 0x8A1D3E46,
    0x8B091944, 0xEAA6A756, 0xA648C377, 0x4FA7EA76, 0xFAAA9F48, 0x9A285F4E, 0xFB682646, 0x4BE94747,
    0xEBAC8345, 0x8B31C242, 0x5E334674, 0xEADD7F42, 0x8BFD4344, 0xEE704672, 0xEEADC36D, 0xCB180340,
    0xCF38E37B, 0xCF38637B, 0xBFF74275, 0x5B0FAA46, 0x43FD984C, 0x47E8C076, 0xEA311D57, 0xFA689E4B,
    0xBAE7234F, 0xFBA8A747, 0xB32ED246, 0xFE8A4667, 0xEA7D7543, 0x9AF2BB46, 0xF3681A4A, 0xFE27766E,
    0xCEB0A372, 0xA6514374, 0xFB737647, 0x9347A947, 0xF2FDCF4B, 0xF249A249, 0xFE708154, 0xCB380340,
    0xBF386370, 0xCFEC4275, 0x8E31CA77, 0xEB6CFE43, 0xBBE04240, 0xCF38E37E, 0xCF38E37E, 0xCF0C6379,
    0xBE106360, 0xFB9DA747, 0x9B08C546, 0x9E27C174, 0x4BF7A34B, 0xCA88774F, 0xFB7D7647, 0xCAAFAB4C,
    0xA2B0C747, 0x9A30364B, 0xEA728146, 0xBB387B40, 0xBFF8E276, 0xBFF0E275, 0x9E2A425E, 0x3B68C544,
    0x4671A66F, 0x9AFD7C4E, 0xEFFDC771, 0xE2135547, 0x42E82747, 0xD3702649, 0x9EB1C36C, 0x5E20AD72,
    0xBBE04240, 0xBFF8E271, 0xBFF8E273, 0x5F2A437E, 0x536AAE43, 0xA3142256, 0x3EBBCF75, 0xB7BF7F74,
    0xB6BFD775, 0x4669AB6F, 0xF3A9AB4D, 0x9AB32749, 0x4A902F47, 0xCBF00240, 0xBE386360, 0xBFF86274,
    0xBEF80270, 0xBE54AF06, 0x8BD1A046, 0xEB7D6A53, 0xFE5FF776, 0x432A7E4F, 0xB26ACE47, 0xFEBD6771,
    0x43E97649, 0xF29D2746, 0x827F7544, 0xBBF80240, 0xBEF08277, 0xBFF0826F, 0xBEE04260, 0xBFF8E276,
    0xBFF8E27B, 0xBFF8627C, 0xCE37C363, 0xCE37DF6E, 0x86F75E6B, 0xEA744546, 0x9FF4A074, 0xFEE82774,
    0xCAF3EB48, 0xEB6A5A4C, 0xF2FFFF4A, 0xDACAD347, 0xCE2AA66C, 0x4A5D6E49, 0xEA60F545, 0xEAABC346,
    0x8BF4A04A, 0x96B67774, 0xEEBA6A6E, 0x46F3A775, 0x92AAA745, 0xCE6B276F, 0xEADDA746, 0xD2EAAF47,
    0xEE70817C, 0xFA4FC542, 0xEA603944, 0xC3F86240, 0xBF18E376, 0xBFF8627B, 0xCFF8E27C, 0xBF38E37B,
    0xCF38637E, 0xBF30E379, 0xCEF06260, 0x9A744646, 0x83E74447, 0x42482747, 0xFF3D6A70, 0x4A3DA246,
    0x9329A949, 0xD2532646, 0x96E9AF72, 0xB68ACE6C, 0xEA788142, 0xEB314242, 0xEAB88340, 0xBBF86240,
    0xCF38637C, 0xBFF86279, 0xBF38E37C, 0xCF38637E, 0xCA386340, 0xCF30E37B, 0xCE10B36C, 0xB0102E06,
    0x43A7A74E, 0xBE4A4377, 0xEA28AD4E, 0xFF91A775, 0x9EEAA36C, 0xE2B0AB4A, 0x9AE8AB48, 0xE6E97F6D,
    0xEA700146, 0xEABD5346, 0x9B081D47, 0xFED0CE70, 0xFEE9C376, 0xFE68F26F, 0xFAEA2347, 0x9AB3274B,
    0x52EA2647, 0xC2692A49, 0xEA607545, 0xF2F13F44, 0x8A281D46, 0x52E8A750, 0xE6294270, 0xD709AA77,
    0xEF9D4670, 0x537A5147, 0xEB307645, 0xF3AA4746, 0xEAA07743, 0xEEB1C37E, 0xEBBEBB42, 0xEEB8837D,
    0xCB386340, 0xBFF86277, 0xBF38E37B, 0xBFF8E279, 0xBF38E379, 0xCFF0627C, 0xCEF86260, 0xBEF7666B,
    0xCE17DF6E, 0xBFF0B278, 0x9E305E73, 0xFB7D4E42, 0xFEF8837D, 0xBB386340, 0xBF186375, 0xCF38637D,
    0xCE30DF6C, 0xB8E92906, 0x4FE72078, 0x4E0A4172, 0xEACAC64A, 0x5269764C, 0x5E10BE6E, 0xEF53FD6E,
    0xEB4A7D45, 0xEB502545, 0xEA7DF544, 0xBBFD7E40, 0xBAF80240, 0xBFF8E277, 0xBF18E37B, 0xBFF8E27B,
    0xBFF8627B, 0xCEF0026F, 0xCEF7C247, 0xCE374360, 0xBE10DE74, 0x8BBD4743, 0xEFA06773, 0xBB004340,
    0xBFF8E276, 0xBFF8E27A, 0xCF38637D, 0xCF18E37E, 0xBFF8E279, 0xBFF7C272, 0xBEF7C278, 0xFBEA0345,
    0xEB101D47, 0x4E484175, 0xF23D1E47, 0x5796A676, 0xEE30466E, 0xE769AE75, 0xEEB7BF72, 0x9A8A2E49,
    0xFA70B142, 0x8BBD7744, 0x8EB00379, 0xA6F0CF6F, 0xEAE05F41, 0xEEB14364, 0xFE7F5272, 0xBBF80240,
    0xBFF8E277, 0xBFF8E279, 0xBFF8E27B, 0xBBF86240, 0xBF18637D, 0xCF38637E, 0xBE308377, 0xCE37C352,
    0xCF38BF7E, 0xBFE0C27A, 0xBE30E765, 0xCEF7DE6F, 0xCEF7666D, 0xFBEA3346, 0x824E1D45, 0xD62CC26F,
    0xA68CA66E, 0xEE8CF271, 0x8EADB371, 0xCF2EC279, 0xFECE4358, 0xCEEC4358, 0xEAF28345, 0xCB387B40,
    0xBFF8E271, 0xCF2F637B, 0x5E734E75, 0xFEFD4767, 0xCB3D7740, 0xCEF86260, 0xBFF8E278, 0xBFEF6278,
    0xCE37DF6C, 0xFA3F2D43, 0xF2730146, 0xC3F07640, 0xCEF86260, 0xBFF86278, 0xCF38637E, 0xBFF8E27A,
    0xCF30637D, 0xCE37C347, 0xC637E371, 0x8A0ABA45, 0xD326224C, 0xFFE62379, 0xFAE99F4A, 0x5248434F,
    0x9A88A74D, 0x9EF03F75, 0xB36A5A46, 0x8AA9F74A, 0xEA607542, 0x9B31C243, 0xEAB88342, 0xBB186240,
    0xBFF86274, 0xBFF8E27B, 0xBAF86240, 0xCF18E37E, 0xBF38637C, 0xCFF0E27A, 0xBFF7DE70, 0x5A773E46,
    0xEB311E4B, 0x9EB44375, 0x8E47A76D, 0x528A9F45, 0x4AA7A74D, 0xBA509F47, 0xEAF1A34D, 0x9ABDC74A,
    0xFA728145, 0xEEB1436C, 0xEABD4742, 0x9EBF7773, 0xEEBEC351, 0x8EFD7B71, 0xEAED4340, 0xBB103340,
    0xBEE03660, 0xBFF8E277, 0xBFE0C274, 0x8A0F2A45, 0x8B07A147, 0x4EBDC379, 0xFF696677, 0xFEF01F71,
    0xEA91A346, 0x935A4547, 0x9FAEA372, 0xFE89BE6C, 0xEE602D50, 0xEABD2B44, 0x463A1D68, 0xEB284749,
    0xD23D6A4F, 0x56B1A763, 0x9674C276, 0x527D7D4B, 0xFB532145, 0xEAC9A346, 0xFAE03345, 0xBBF86240,
    0xBFF86274, 0xBFE0C274, 0x8E35CA77, 0xEBF9B345, 0x83FE4240, 0xBF388377, 0xBFF8E276, 0xCBF06240,
    0xCE2C035C, 0x4B502149, 0xEA1D9D48, 0x462FA56D, 0x8E283D73, 0xF60FCF6C, 0xB6BD4375, 0xEAD7A249,
    0x8B694646, 0xBA8AA349, 0xEE788162, 0xCB386340, 0xBFF8E274, 0xCFF0E279, 0xFE6ABD75, 0x3B102144,
    0x8E08AA6E, 0xFFE96A70, 0x8AE8AB4B, 0x8E10A974, 0x3A2A4549, 0xEA0AC547, 0xFAAA5249, 0x5E40AD77,
    0xBBF06240, 0xBEF86260, 0xCF20C374, 0x5FEABE72, 0x3B3DC243, 0x8AC8F44E, 0xEE71EB6E, 0x3EF0FF75,
    0xFEB12772, 0x8ECAE775, 0xEA39FF47, 0xFB1F7D4A, 0xE24BF647, 0xEBB00342, 0xCB380340, 0xBFF8E273,
    0xCF37C37A, 0xCAFF2F06, 0xE3D1A047, 0xFE3F7379, 0xFAF94F49, 0xD293A646, 0x42FF2B4A, 0xA2732A49,
    0xFAAA2746, 0x8E09F570, 0xFA6C4145, 0xC3380340, 0xCF386376, 0xBFF86278, 0xBFF8E278, 0xCF38637D,
    0xCF38E37E, 0xBFF8E279, 0xBF10637D, 0xCE37436B, 0x9E30B772, 0xE271D146, 0x83F4A046, 0xEE3CFE72,
    0xEF904772, 0xF6FD4373, 0x42312547, 0x96C9476E, 0xF2AA7F4A, 0xB22BEF4A, 0xEA60F541, 0xEABD4346,
    0xEBDAA04B, 0x3E54F375, 0xDA882A4D, 0xEADC4B49, 0xEAE9DB46, 0xFEA9AA76, 0x9EBBFB6F, 0xEB0AC548,
    0xEA7D7544, 0x8B73CE46, 0xFE7DC175, 0xBB207740, 0xBFF8E270, 0xBFF86272, 0xBF38E374, 0xBFF8E27B,
    0xCF2FB77D, 0xCE37DF68, 0xBFF76675, 0xFBFDAB45, 0x9BF1A44B, 0xFAF1AB4E, 0xE6F7A371, 0xFAF3A746,
    0xFB91AB49, 0x8ED1276B, 0xEE7F7E6F, 0xF6D14668, 0xEA780145, 0x9B314242, 0xEBE03341, 0xFFB8637B,
    0xCB386340, 0xCF38E37A, 0xCF38637C, 0xCF38637D, 0xCA186340, 0xCE37C354, 0xBE17C26F, 0x8A3D2A45,
    0x8B0A9D47, 0x8A31214E, 0xEE30766F, 0xEAABA346, 0xA2BD2347, 0xA2A9A346, 0x526F2547, 0xD6B17F6D,
    0xEA607544, 0xEAAAC344, 0x9B291E4A, 0x467FA26F, 0xF21AF747, 0x4A5FA64B, 0xAAC9E74A, 0xF3324D47,
    0xAA70CF47, 0x532BF546, 0xEE708171, 0xF2FABF45, 0x8B309D46, 0xEF88A775, 0xB6B1C371, 0x5670FE6F,
    0x9AF12747, 0xCA6AA746, 0x5AE9AB49, 0x8A8A2646, 0xFBB80345, 0xEEB3C778, 0xEEFDF76A, 0xCBF80240,
    0xBFF8E277, 0xC7F86275, 0xBFF8E271, 0xBFF86275, 0xCF38E37E, 0xBF37637C, 0xBFF8E679, 0xBE30B376,
    0xBEF7DE6B, 0xCE395F73, 0x9E74666E, 0xFBECC743, 0xCB380340, 0xCFF8E275, 0xCF386378, 0xCF30E37B,
    0xCFF00276, 0xA22A3146, 0xFB6B3547, 0xCB313341, 0xBF37D771, 0xCF35FB77, 0xBA34DB45, 0xBFFC4A72,
    0xEBFE5F42, 0x5BEC4641, 0xFAB80340, 0xBB186340, 0xBFF8E276, 0xCFF8627C, 0xCFF8627E, 0xCFF8E27C,
    0xCF38637D, 0xCFF8E27C, 0xCAF06240, 0xCE374375, 0xBE37436C, 0xFBF44745, 0x9ADD2C41, 0x86FECB7E,
    0xE7B9FB72, 0x3F9E5F75, 0x8A935744, 0x42FFEF44, 0xE33A774D, 0x8B13F94D, 0xEBA03346, 0xFAFA3F45,
    0xF3C9A04B, 0x9E4FF370, 0xFEB4436E, 0x43EA504E, 0xDBDD274F, 0x9E502B62, 0xBB10BD49, 0xA27D5E47,
    0xFA70B143, 0xEAB14740, 0x9ADD2442, 0xFE3DFF7E, 0xF32BFB50, 0x9A16AD46, 0xF77FC672, 0xD2DF7646,
    0x43BAFF4A, 0x4A93C744, 0xEB707D4D, 0xBBFD7640, 0x3B68264A, 0xFE9DFB78, 0xE2FFC747, 0x4FEAEB6F,
    0xEBCB5249, 0xF259EB46, 0x9AD66746, 0xB6B37F7C, 0xEA703141, 0xEAB1AB45, 0xEB912E44, 0xD6B8CF6B,
    0xC77DE774, 0xBA3B5746, 0xF378E343, 0xCB176743, 0xEB78E343, 0xFB6D5E43, 0xFAB80340, 0xBB306340,
    0x9BE9A84B, 0xFE975B7C, 0xE75FFF70, 0x43BDF24D, 0xCAB17F46, 0x9ABAFF46, 0xE35DFF48, 0x93317D49,
    0xEA707D42, 0x4A51BD45, 0xFA6B3947, 0xFB99BF42, 0xEB93E742, 0xCA32CA45, 0xBA33C745, 0x9AFDCF45,
    0xB3B36B42, 0x8B50BF42, 0xEAB80340, 0xEEAC837D, 0xEB28424B, 0x8E3FFD73, 0xEAA9A346, 0xEF5DD979,
    0x9B69AA45, 0xF236C646, 0xFAEBA645, 0xB25F7747, 0x86108059, 0x8BB2C743, 0x4A089D45, 0xB7E82B7C,
    0xEE89FF7A, 0xFEAA5A74, 0xFA492D47, 0xD254AB45, 0xC39FD345, 0xFBEAF746, 0xFBF08344, 0xB2FDC746,
    0x83072549, 0xBA5D9F4A, 0x4ABD1F49, 0xD7FAA372, 0x8ADA2347, 0xFAD72246, 0x5EFDD365, 0xFE4AD96E,
    0xEB788147, 0xEA2A4245, 0xEB716944, 0xEE6A2E6B, 0xEAB35346, 0xFF3E4A77, 0xFB7F4644, 0x9B757A43,
    0xFA916746, 0x9B5DC743, 0xEAA05F40, 0xBBF03240, 0xD616A606, 0xE2E9F74C, 0xDEAAC771, 0xEA2A2647,
    0xD2AB2746, 0xFAF02746, 0xE6FFAB72, 0xFEFA4F6B, 0xEAB08345, 0xEA533F46, 0x83101D49, 0xA6A7A777,
    0x8A3FE547, 0xEAB02B4B, 0xEABD774A, 0xE70FC770, 0xD2FDC347, 0x5BEB3F47, 0xEBA04346, 0xBBF86240,
    0x9B10A942, 0xFE94A771, 0xFEFFCF79, 0x4E6A5273, 0xF36A2F49, 0xDBD3AF47, 0x924BD944, 0xDA5FAE46,
    0xEA700142, 0xEA2A3145, 0xEBFDF745, 0x8BBF5341, 0xF3B86342, 0xFBB27B42, 0x8FD2E374, 0xCBF77E41,
    0x8FF1FE70, 0xCFECE374, 0xFAB20342, 0xCB387B40, 0xBFF8E272, 0xCF18637E, 0xBFF86279, 0xCFF8627D,
    0xC7F8E27B, 0xCFF8E27C, 0xC738637D, 0xBE17C25A, 0xCF375F79, 0x9B534643, 0x9ACBA845, 0x3EFCFF7E,
    0xFBFD7B56, 0xBF7FC772, 0x9BBE774F, 0xFB386E4E, 0x8B7BFA4A, 0x42724A43, 0xEE7D7575, 0x932B3A41,
    0xB3D0A450, 0x3EDD4262, 0x9E4FCF6C, 0x3E2FB66D, 0x43EAB84B, 0xBB51C74E, 0x9A09A947, 0xEB6B764A,
    0xEA728144, 0xEEBD4372, 0xE2CA2445, 0xE6F2477D, 0xFA9DCF46, 0x437F764F, 0x9B117D4E, 0xEA9D2F45,
    0xBADC4645, 0xB354FF4A, 0xFE7DF573, 0xBBFF7E40, 0xFBF1A445, 0xFEFFFF7B, 0xE7DF736F, 0xFEAA4F7B,
    0xA3377147, 0xEADF4646, 0xD2F6C745, 0xEE96F777, 0xEB7D414A, 0x8B2FDA42, 0xFBF4EB44, 0xFBF77B43,
    0x92717F45, 0xC37FCB42, 0xC611F364, 0xC21F4B45, 0xC21AFB45, 0x9BAC6343, 0xEAB80340, 0x8A2A4244,
    0x8BE91C44, 0xEEF0A374, 0xEEEA5F74, 0x426A6A4A, 0xF23D4149, 0xEB115D4C, 0x4AFDEB47, 0xEBEAC749,
    0xEA60C144, 0xA25D3D44, 0xEE60316E, 0xBBF86240, 0xCF386375, 0xBFF8E273, 0xBFF86279, 0xBFF8E27A,
    0xC2386340, 0xBFEFC276, 0xBF17C27B, 0x8B31464A, 0x2ADDC445, 0xD6BF7779, 0xFFDF7E7B, 0x43BFF454,
    0xE33D7757, 0x37F1F473, 0x9AB14F43, 0xD3DDCC4C, 0xEB7D414B, 0xEAB45F40, 0xF6EC4377, 0xBB180340,
    0xBFF86272, 0xCF18637D, 0xCFF8E27D, 0xBFF8E27A, 0xCF18E37E, 0xCE374359, 0xCE39DF76, 0x9BD1C64B,
    0xFABDAC43, 0x3BFD6B63, 0x33F47F5E, 0x9FBD4374, 0xB6BF7E7C, 0x3BDF7C52, 0x3EDDCC75, 0x43BDF756,
    0xEB6D8146, 0x921DC144, 0x36BDC477, 0xD2BDFC45, 0x2EFDF87A, 0x9B3D4E57, 0xBBDF704F, 0x3F3DF272,
    0x33FFF458, 0x33125154, 0xEBB0FF45, 0xBBFD7640, 0xBAF75E40, 0xCEE0BE52, 0xCEF88274, 0xBFF86278,
    0xC738637D, 0xBB306340, 0xBE308373, 0xCE37DF6C, 0xCE103767, 0xBAFFAD05, 0xEB11F644, 0xF7DFEB6E,
    0x9351FA42, 0xC37FAF42, 0x9211FB45, 0x935BE242, 0xF377FF42, 0x5BCC4743, 0xBBF80240, 0xC7F86276,
    0xCF204378, 0xCFF7C274, 0x5E314272, 0xFBA0BF42, 0xBBF86240, 0xBFF86278, 0xCF38E37B, 0xCF30E377,
    0x8E39C37A, 0x84B3A906, 0xFA732D47, 0xFBECCF42, 0xBB347741, 0xCF32FB77, 0xBA357B46, 0xFA757A46,
    0xBFF3E273, 0x9A73C645, 0xEAB80342, 0xBB386340, 0xBF186372, 0xCF386378, 0xBFF86274, 0xCF38637D,
    0xCF38E37E, 0xBF38637D, 0xC7F8627C, 0xCE2CC347, 0xCE37DF6E, 0xEBDD4644, 0xE2BD2845, 0xFECBF87E,
    0x3F3DFF72, 0xD3BEE356, 0x9BBCFF4F, 0xE2915244, 0x8B36FE4C, 0xEED75E7C, 0xFE7D7D71, 0xFAF1BF45,
    0x9BD0244F, 0x3E8F776E, 0xE3F1C359, 0x3EBC436E, 0xEA96A646, 0xA2B7BF46, 0x9A0A5D47, 0xEE74C26C,
    0xEA60F544, 0xEEB1C375, 0xE2DD2445, 0xE6FC777D, 0xE7B1FB70, 0x429F4746, 0x3B14FD4E, 0xEBFDC84D,
    0xEBBF774D, 0xFBF4FE4C, 0xEE60F56A, 0xCB374340, 0xB3FAA046, 0xE6F3A77B, 0xB3DC734E, 0xFEDD7F7C,
    0xB33BFE47, 0xEA1C4F46, 0xD3796A47, 0xA66B4678, 0xEB7FF54A, 0xEEBCAB6B, 0xFFF44B76, 0xB3FB5B44,
    0x9B3A6243, 0xCA51FF46, 0xBE127B6B, 0xA75A5674, 0x9B7BDB43, 0xFBCE5744, 0xEAD86340, 0xCBF06240,
    0x9BF12442, 0xFE3FEF7B, 0xAFD9F770, 0xEBCADF51, 0xEB9FF74B, 0xEF9FD66F, 0xFA5F7746, 0xEA7F5E46,
    0xEE7F7D74, 0xEE3DA562, 0xFF7EAD74, 0xFBCB2B44, 0xFB93FF42, 0xFF7DCE6F, 0xDADB7B46, 0xCA58CF45,
    0xBB4FE342, 0x5BEC7B42, 0xBBF80240, 0xBFE0C275, 0xEB102146, 0xEEAAE773, 0xEAB2A74A, 0xD331AA46,
    0xFABD2746, 0xFAEB4F47, 0xEAAAAF46, 0x9B4AAF45, 0xEAF0B341, 0xFAB14740, 0xE2272542, 0xEA29A347,
    0x8E492174, 0xEAE92B49, 0x8A7FA945, 0xD24A5147, 0xE26ACD45, 0xFAFF2A45, 0xF2D00343, 0xCAF1F746,
    0x8307A146, 0xEE33A174, 0x9F882775, 0xFE68A66F, 0x4E5AC179, 0x9E482578, 0x8E9F7F73, 0xB36A4E46,
    0xEA60F544, 0x8ABAC346, 0xEEBDCF6B, 0x9FF4CF7A, 0xB353FA43, 0x9B3D5B45, 0xFBF2AF46, 0x9B7E2A43,
    0xFF3C4674, 0x5A305646, 0xEAAC0340, 0xBB300340, 0xD253A105, 0x523DC14B, 0x9E6AA674, 0xD25C2949,
    0xA6514772, 0xFA3F7E46, 0x9BBD4346, 0xFAEBD346, 0xEEBDC354, 0xFEAFBB6F, 0x83099D46, 0xEEB1A371,
    0xFF6AD270, 0xEA29414C, 0xE29A5F4B, 0xDAF4234A, 0xDA4E254A, 0xFE4AC36A, 0xEA728143, 0xBBF87A40,
    0x9BF0A046, 0xFE0A756F, 0xAAD1AA49, 0x4A4AF647, 0x92DFAB44, 0xF6BFAE72, 0x925F5146, 0xDABAF646,
    0xEA7D4145, 0x5B4A3942, 0xEAAAB345, 0xEBF42E41, 0xCF375676, 0xBFF8E274, 0xC7F8E273, 0xEFB9E370,
    0xCBF85E41, 0x9F2EB674, 0xFAB80341, 0xBBF86240, 0xBFF86278, 0xCFF8E27B, 0xE4014040, 0xBF38E37E,
    0xBF38E37D, 0xC2386340, 0xCF38E37E, 0xCE37C348, 0xC737DF77, 0xB4FF2D06, 0xFBF01C47, 0xEE087E75,
    0xDFD94F6F, 0x4EFEF76E, 0xC23F2247, 0xEB995349, 0xF33F7547, 0x5A80B246, 0xE1196280, 0xAC014040,
    0xE7106380, 0xBFF86271, 0xBEF7DE6D, 0x8B35C642, 0xFBB80341, 0xBBF86240, 0xBF386379, 0xBFF86278,
    0xCF374378, 0x8E30C676, 0xFBBDD344, 0x8B6E4643, 0xF6514271, 0x8A2F7642, 0xFAB34340, 0xF6E04363,
    0xCB386340, 0xBFF8E277, 0xCFF0E27A, 0x9E6AC274, 0x83E7F443, 0x46A8C374, 0x8EA8A771, 0xAFC8A76E,
    0x4AA8AB48, 0x92FD4F48, 0x92D1274B, 0xF6B15E68, 0x5EA03B73, 0x8B314240, 0xEB20B642, 0xBBF86240,
    0xBFF86275, 0xCFF8E27D, 0xBFF8E279, 0xBF38637B, 0xBFF8E278, 0xCFF8E27D, 0xBFF8E27B, 0xBFF0E27B,
    0xC620C378, 0xCE306779, 0x8FF7DE72, 0xEB904644, 0xBBEC7640, 0xBEF86260, 0xBA186340, 0xBFF8E276,
    0xBE174355, 0x5774A974, 0x46A7C36B, 0xFE93A374, 0xFAA7C747, 0xF6E82B6F, 0x9B492D48, 0xE2682A4C,
    0xFB68AA46, 0x9B282A46, 0xEA700149, 0xBBF80240, 0xCF386379, 0xBFF86275, 0xBFF8E27A, 0xC7F8627E,
    0xBFF8E27B, 0xCF38637D, 0xC738E37E, 0xCEEF3273, 0xCE376773, 0x9E77DE65, 0x83DD4644, 0xBBE05E40,
    0xBF386374, 0xBFF86275, 0xBFF86274, 0xCF38637E, 0xCF38E37D, 0xBFF0B275, 0xBEEC0257, 0x866BC25C,
    0xBB51BF43, 0xF7CBD36E, 0x5B7BC743, 0xEABF2B46, 0x9BFE2F43, 0xC211FB45, 0xC61F4764, 0xC70AC76E,
    0xEBB00346, 0xEB6F2D40, 0xEA31AE46, 0xBB31DE44, 0xD3726E44, 0x9F7C6F74, 0x8BBC5345, 0xB3F57744,
    0xF7D4FF6E, 0xC3107F43, 0xEBB08345, 0xBBE05E40, 0xBEE0DE78, 0xC738637E, 0xCFF8E27C, 0xCF38E37E,
    0xBFEF627B, 0xBE38435F, 0xBE37DF6D, 0xBE305F6D, 0xCE2F3769, 0x5F4DAD78, 0xFB6C2A44, 0xEB117642,
    0xCFD2FA73, 0x8B117F41, 0x9B755641, 0xFB3B7A41, 0x9A3B4A46, 0x8BB55741, 0xEBB20343, 0xBB387B40,
    0xBF38E372, 0xBFF0E277, 0x9E315F69, 0xFB31C644, 0xEBF00341, 0xCBF80240, 0xBF38E379, 0xBFF8E272,
    0xCEF0E67C, 0x4E4CAD7B, 0x5A5D264A, 0xFB9BF742, 0xEBFFAB42, 0x9B7A4A41, 0x8B576641, 0xB3BB6342,
    0x8B3B5641, 0xFB385642, 0xFBF20341, 0xEAB80341, 0xBB386340, 0xBF38E37A, 0xBFF8627B, 0xCAF86240,
    0xBE186360, 0xBBF86240, 0xCFF8E27C, 0xCF30E37E, 0xBE17DE75, 0x5F4D0275, 0x2E0AAD6E, 0xFE3CD67E,
    0xFBBF7C5B, 0x32FDC745, 0xD2BD4F45, 0x37B3F773, 0xE399F752, 0x9B3BF64E, 0x5A002D44, 0x9B4F2E40,
    0x2BE72044, 0x3633A26E, 0x3A7FC247, 0x8BF1A359, 0x33D3A64E, 0xA368FE4E, 0xD3BF2752, 0x9AB0F74A,
    0x5AE03346, 0xEB714140, 0x2E08AD71, 0x32FD2747, 0x9ED3FF7E, 0xCADA7347, 0xBBEB774F, 0x3A11AD46,
    0xD37F4E4C, 0xDBBF774E, 0x5ADDC245, 0xBBFD7640, 0xCA092D40, 0x9EFF2079, 0xA7B4E76E, 0x9B12254D,
    0xB6B32B7C, 0x9EB1CB78, 0x4ADACF46, 0x8A94AB45, 0x5EA0FF77, 0xEB694140, 0x5E52296B, 0xEB965244,
    0x971EEF74, 0xCED65B6C, 0xE2B2CB46, 0xB3BA6F44, 0x8B75DB43, 0xB2B3C646, 0xEABDC345, 0xEAA05F40,
    0x33484140, 0xFEFFEB7A, 0xBFFF7771, 0xABFB7453, 0xD3FC774E, 0x43FFF74E, 0xD694F779, 0xEA3EF746,
    0x5E204179, 0x8B312540, 0x5B2AAD46, 0xFBEA2F43, 0x9AFD4746, 0xCF9DAB70, 0xC23D4F46, 0xCAF6FA46,
    0xEB382B43, 0xE2BE5346, 0xEBB20344, 0xBB387B40, 0x4F27C274, 0xEE282673, 0xD250A348, 0xD6907A73,
    0xEE492973, 0xBEA92A6E, 0xB2B14746, 0xEEBFCB73, 0xEB004245, 0x8B314240, 0x4329B942, 0x565EA374,
    0x8F71A67B, 0xAAFF4F47, 0xCB346746, 0xD631766F, 0xFAFC4746, 0xEA947747, 0xEE188274, 0x8B2A4240,
    0x4327E943, 0x8E894674, 0x8A2BFD4F, 0xD253A74C, 0xEA4A414C, 0x8A89EA4B, 0xEE30FE73, 0xEA88264A,
    0xEA7D7545, 0xEB5A2940, 0xEBBD4644, 0x9F7AEA76, 0x9B315E44, 0xFB7E5144, 0xBB71FA44, 0xF3F87F45,
    0x9BB44F44, 0xBB9AFB43, 0xFEF8035E, 0xBBF86240, 0x4F48A97B, 0xFEFD4768, 0xB36A2646, 0xFE317372,
    0x9ADFA645, 0xBAEAAF46, 0x9EF02F79, 0xEEEA7F73, 0xEA602A45, 0x5B6A4240, 0x42283945, 0xFEFAC771,
    0x4A684247, 0xD69D4370, 0xAF54F56E, 0xE769AE73, 0xD3DE4646, 0xE22A2647, 0xFE60B173, 0xBB386340,
    0x3F28C176, 0xEE095A73, 0xCFF44B70, 0xE6107178, 0xDE352978, 0xDE6B7F73, 0x4A5F4545, 0x52DC7F46,
    0x5EB0B377, 0x8AAC2B40, 0x5B2BB646, 0x9B2C7240, 0x8BBA4741, 0x93786240, 0xEBF26241, 0x9B7E6E40,
    0xBBF15A41, 0xFF2D7B78, 0xFBB80345, 0xBBF86240, 0xBFF86279, 0xCFF8627B, 0xBFF8E27A, 0xCFF8627D,
    0xCFF8627C, 0xCF30E37E, 0xCE374360, 0xCE37DF6C, 0xBE37E773, 0x8E10CE75, 0x33092D44, 0x8EBAAF7C,
    0xFFBEF774, 0xE6D1F778, 0xFAF4C743, 0x463FCF7E, 0x43BAFF4E, 0x8EF3FF7E, 0x5F907374, 0xFB6E2D40,
    0x8B106941, 0x32FFFC49, 0xFB303A54, 0x428FB746, 0xD3AF434E, 0x9A6E2B47, 0xEE0EBD6C, 0x8B93D34B,
    0x5E2B4179, 0xEAAE4740, 0x424A4143, 0xB6F7F07E, 0x426BAA45, 0x3B164D4F, 0x9B1D6549, 0xEFFFF772,
    0x473AFD70, 0xEB3C7547, 0xEB7D4149, 0xBBE07640, 0x46694971, 0xFE7DC678, 0xE37F7649, 0xFBEBF74A,
    0xEAFFF746, 0xD3FFDF47, 0xB25F7D46, 0x9E53FF7B, 0x5A207D46, 0xFB6B4140, 0x87FABF76, 0x8BBE7742,
    0x9751FA6E, 0x92D9CB44, 0xC27E7B45, 0xF21F5F45, 0xC375FB42, 0xC2117B45, 0xEEB8835C, 0x8B302A40,
    0x43287543, 0x46FA6074, 0xFA2A2247, 0x9A744347, 0x9B9D2649, 0xFE5A4375, 0xFE51776A, 0xFB29A946,
    0x5E20C274, 0xEB514140, 0x5A807644, 0xBBF86240, 0xCFF8E277, 0xBFF86278, 0xCF38E37D, 0xCF38E37D,
    0xCF38637E, 0xBF386378, 0xCEE0DE71, 0x46314575, 0x2AEB4442, 0x3EDD767B, 0x337D7E5C, 0x9BDCF45C,
    0xCAF3F343, 0xEA314F42, 0x3BDF4C4F, 0x9A73F643, 0x5A204144, 0x8B314240, 0xEB77D242, 0xBBE07640,
    0xCF38E377, 0xBFF8E275, 0xC738637D, 0xCFF8E27D, 0xCF38637D, 0xCF374379, 0xCE375F75, 0x9E11456D,
    0x322BC642, 0x2EBFFF7A, 0x9AF34F44, 0x33BFCC54, 0x427D4E44, 0x9BF6FF58, 0x33F3F85C, 0xE2724E43,
    0x5BC06A4C, 0x8B114140, 0x2ACBC442, 0xB69D7674, 0x33BDF450, 0x3FBDE876, 0x9BD1FC5A, 0x37F27472,
    0xA291CE43, 0xEABFC742, 0x5B20414B, 0xBBF86240, 0xBFE0C278, 0xCE19C374, 0xCE20B36F, 0xC7F8E27A,
    0xCF18E37E, 0xBF38E37C, 0xBFF7427C, 0xC6303F60, 0xCE305F74, 0x5F2F2E72, 0xFB3DC642, 0x9758DE6E,
    0x92DC4B45, 0xF351FA42, 0x927C4B45, 0xF3186F43, 0xF25FC645, 0x92D54745, 0xEEA0FF57, 0xBBF86240,
    0xBFF8E26E, 0xBFF86271, 0x8EF14251, 0x8BB75343, 0xBBF80240, 0xBFF8E274, 0x8738E37C, 0xCF38E37B,
    0xBFF03272, 0x566C4175, 0x5ABDCF46, 0xBBF47641, 0xEBFA7F42, 0xCB186341, 0xBFF5FA71, 0xCA356346,
    0xEBBB5742, 0xB76DEE77, 0xEE12827A, 0xBBF87A40, 0xBFF8E276, 0xBFF8E272, 0xBFF8E274, 0xBFF8627B,
    0xC7F8627B, 0xCFF8E27D, 0xBF38637D, 0xCEF80271, 0xCE37C371, 0x9E31425C, 0x33E9AC44, 0x9E7D2A78,
    0xB7BDF774, 0xFAB14745, 0xCAF1E844, 0xEE7DFE7E, 0xCA57F344, 0x8FFB7B72, 0x5B90FF4D, 0x9B6B3E40,
    0x3B08A944, 0xA3FD425E, 0x9ED0BC77, 0x3AD8DB47, 0x9E5D3F6B, 0xAAAADF47, 0x8B2AA64A, 0xD22A4747,
    0x5EE0B37A, 0x8B324240, 0x3A092D42, 0xFEDAFC7E, 0x42EB2746, 0x32F67C47, 0xF3FD7C4C, 0xEA9F5F46,
    0x9FB4FF70, 0xEB1F5149, 0xEA7F3145, 0xBB204340, 0x3F68C176, 0xEE09F678, 0xEF9FC76F, 0xEB6AC64C,
    0xF39FC74A, 0xFE9CCE7B, 0xAB337D4A, 0xB6BCFF7B, 0x5A6BC246, 0xEAB12B40, 0xFFFD6B78, 0xFEFBCF6B,
    0x9B98E343, 0xAB7EAA43, 0xFB53EB43, 0xFB5DCA43, 0xEB5C4A43, 0xA373F643, 0xFB602D46, 0xBB0C6340,
    0x3608C17D, 0xFEFDFF7A, 0xB37A7E4F, 0xB2F14F47, 0xE37DAA4A, 0x9AB15B46, 0xB37D7F4A, 0xE39DCE48,
    0x5BDDC249, 0x4AAE2F40, 0x5BB3BF46, 0xFBB27F43, 0xFB3D4E42, 0xCB98E742, 0xCA33EB45, 0xC2137746,
    0xF2DDCF45, 0x927E7746, 0xEEA07F59, 0xBBF86240, 0x4747C173, 0x52A92347, 0xA62A4673, 0xA2292A49,
    0x8E7A756D, 0xBA2A2646, 0xEEBF4773, 0xB729AE79, 0xEA10AE46, 0x8B3D7640, 0x4A284640, 0xA7D1467B,
    0xEEE97774, 0xA371CE46, 0xB3092B46, 0xEA6A2646, 0x9BB1F245, 0x8B377E45, 0xFAE03746, 0x9B702A40,
    0x8327AD43, 0xD21D1D47, 0x4F3DEB73, 0x9694FA6E, 0xFB707E47, 0xDF4AF76F, 0xEAA9774C, 0xFE70226E,
    0xEE6C8175, 0xEB6A4140, 0x8B5DD344, 0x8B315E43, 0xEBBD7745, 0x8B314644, 0x8BFD6B44, 0xF37F5243,
    0x9A195F46, 0xB3B55744, 0xEEB8035F, 0xCBF86240, 0x4628C25D, 0xA63D4172, 0xF3692A47, 0xFE902B73,
    0x5EB14372, 0x9EB1C66B, 0xFEF42A77, 0x8E3F2E72, 0xEA7DAD46, 0xFAEA4340, 0x42277645, 0xFEE8A76F,
    0xFF89CE6E, 0x8AD9A346, 0x8B6AF646, 0xC2FD4349, 0xEA29F64A, 0x5B70BA46, 0xEA40BA46, 0xCBE04240,
    0x4730A96E, 0xC2492A4C, 0xF2CB2746, 0xF2A9AE47, 0xF63D2973, 0xF6537E79, 0xF27F4F45, 0x96CBFF71,
    0x5A402945, 0x8B4C4140, 0x5AAA4F47, 0x8BF12E41, 0xBBFA6A41, 0x8B367A40, 0xCBFB4641, 0xCF13CB75,
    0xCF1BEB76, 0xFA3ACF45, 0xFBF88344, 0xCB386340, 0xBFF86277, 0xCF38E37E, 0xCF38E37E, 0xBF38637B,
    0xCFF8E27B, 0xBFF8627B, 0xCF20C37E, 0xBFF8627B, 0xBE00C276, 0xFF6AC176, 0x3B274D44, 0xFAFD1F49,
    0xE6FD7B6F, 0xFEFFFB75, 0xFEF2276F, 0xAFB6C76E, 0xFEA9AB6C, 0xB29D6A49, 0xEA607546, 0xCBF86240,
    0xCFF86272, 0xC7F0E276, 0x8EF0E677, 0xFBF44744, 0xEEE0C350, 0xBBF86240, 0xCF18E378, 0xBAF86240,
    0xBF374378, 0x8E3D4E73, 0xEB704643, 0x9B51C642, 0xEE3F7E75, 0x8A7F7E41, 0xF2536640, 0xEEEF0363,
    0xCB374340, 0xBFF8026F, 0xBE30DF7A, 0xEE6AC173, 0x3B14A543, 0x4228534D, 0xFE6ACE6D, 0x4228254C,
    0xA3282547, 0x9A292347, 0x4A50FD4B, 0xEB28A946, 0x5EDDAF74, 0x8B3D7E40, 0xEA2C6640, 0xEEB80347,
    0xBF386375, 0xBFF86278, 0xC7386378, 0xBF18E378, 0xBB186340, 0xBF38637E, 0xCF18E37D, 0xCAEC3E40,
    0xCF37C37E, 0xCE37E774, 0x8FF0DE6E, 0xEBF44643, 0xBBF00240, 0xCF188379, 0xBFF8E274, 0xCF38E37A,
    0xBFF03272, 0x5676A96E, 0x4767C27A, 0x4E1DC27A, 0x4E102579, 0xA6284278, 0x8E5DC17B, 0x8FF4F773,
    0xEE93A76D, 0xF6717768, 0x5E7DAE77, 0xBB207740, 0xBFF86275, 0xBBF86240, 0xBFF8627B, 0xD4014040,
    0xBF38E37C, 0xCAF86240, 0xBF38637C, 0xBE30676C, 0xCE39E777, 0x8E79DE69, 0xEB0C4644, 0xBBE04240,
    0xCF18E374, 0xBFF8E276, 0xBFF8E273, 0xBF386378, 0xBF38637C, 0xBF2F437B, 0xCE37DF6D, 0xFF6BC173,
    0x9BF1BF43, 0x9B7EF642, 0x8A2A7B46, 0x5BD12E44, 0xFBFFD743, 0xC71FD36E, 0xC211EF45, 0xC21FCB45,
    0xEEB8835D, 0xEB6F2D40, 0xEB71C644, 0xEF6AAE74, 0xFA31CA45, 0xEBEAE345, 0x9B7D7E44, 0xF7DCAF6E,
    0xF2D47B46, 0xF35B7E43, 0xEEA0FF5A, 0xBBF86240, 0xBFF8E26E, 0xCFF8E27B, 0xBF38637C, 0xBAF86240,
    0xCF38E37E, 0xC7F8627D, 0xCE386360, 0xC3303F40, 0xBE10366B, 0x9F6CAE77, 0xFBD42B45, 0xFB6A5242,
    0xB7FBD777, 0xB3F86F42, 0xFF31E777, 0xB3F87B42, 0x8B7A7241, 0xB3BC4F42, 0xEBB28343, 0xBB387B40,
    0xBFF8E271, 0xCF38637B, 0x8E314373, 0xFB77D244, 0xBB380340, 0xCF38E37B, 0xBFF86278, 0xCFF8E27A,
    0xCB204340, 0x5E6CBE7C, 0x8230CD47, 0xA206A552, 0x8E27C177, 0x9F6E5272, 0x563DC176, 0x5A6D224A,
    0x566E366A, 0xFE903A6C, 0x5A202E47, 0xCBF04A40, 0x4E484160, 0xE6114D78, 0xCB7D7E48, 0xCFEA7774,
    0xFB297347, 0xE23C2746, 0x567CF574, 0xE3775E46, 0x5E602E78, 0x5B374240, 0xEB20C643, 0xBBE04240,
    0xBFF8E272, 0xCFF86278, 0xCF38E37C, 0xC3386340, 0xCF38E37D, 0xCFF03279, 0xBFF7DE77, 0xFF6E2D75,
    0x42272647, 0xFE70C66F, 0xFE7DC274, 0x9F29E976, 0xFAB1F74C, 0xD211A247, 0xFFEDC76F, 0x56683D6F,
    0x5E32827A, 0xBBE04240, 0xBEF8827A, 0xCFF86278, 0xBFF8627B, 0xBBF86240, 0xBF38E37C, 0xBA186340,
    0xCF38E37E, 0xC6F0827B, 0xCFF75E78, 0x5E715E6B, 0x46E74F71, 0xAF7A7671, 0x4EB22378, 0xF2692248,
    0x9A49294A, 0xAE77C674, 0x9FFD7773, 0x9B89AE46, 0x5A803F46, 0xD3702940, 0x3F27A176, 0x46089A6E,
    0xA7E89C6E, 0xDB67464C, 0xF2147D4D, 0xDE282565, 0x4B514249, 0xF6C8A76A, 0x5E20B176, 0xBBE04240,
    0xBFF8626F, 0xBFF8E275, 0xC7F8E27D, 0xBFF8E278, 0xC738E37E, 0xBFF8E27B, 0xCF30B37D, 0xCF375F75,
    0xBEF7626F, 0xFF6FAD79, 0x33282544, 0x3E1F9E75, 0xFF48C270, 0xEEBC466F, 0xFB29C34A, 0xD33DA24C,
    0xEEEFFB6E, 0x4BD4C24A, 0x5E20B272, 0xBBF86240, 0x9E072D6C, 0x4668F675, 0xEF57EB6E, 0xB23F2147,
    0xFEBDA76D, 0xEA8B2646, 0xEA2AF747, 0xB631CE76, 0x5B60B246, 0xBBF06240, 0xBEF86260, 0xBFF86275,
    0xCF38E37E, 0xCA386340, 0xBFF8E27B, 0xBF38637C, 0xCF38E37C, 0xC738E37C, 0xCEF0B668, 0x9E6CC272,
    0x42676547, 0xFE684669, 0xFE27C174, 0xFE503E6F, 0x9269C54A, 0x9E884277, 0xEBCAEB46, 0x8AE92348,
    0xEE00B672, 0xBBFE4A40, 0x4750A97D, 0x4A08F64F, 0xB771F679, 0x9A482547, 0x96F1AF6F, 0x9AE9AF48,
    0xEAFD4346, 0xEE5DC26E, 0x5E60C66F, 0x9B714240, 0xEBACC742, 0xCBF80240, 0xBFF8E276, 0xCF186378,
    0xBFF8E272, 0xEC014040, 0xCF38E37C, 0xCF30DF7C, 0xCE2D636C, 0x9E6CC276, 0xFA7FCD46, 0xFBFC7341,
    0x9B795A40, 0xEF3C7E72, 0xCB334F41, 0xCF3FE773, 0xFAFCF746, 0x9F745676, 0xEEB20360, 0x8B714240,
    0xEB7D4643, 0xCB207740, 0xCFF86275, 0xCF38E37A, 0xBFF86276, 0xBF38E37D, 0xCF18637D, 0xCF37C37B,
    0xCE37C352, 0x5E6CCE74, 0x82473D47, 0xD3BD434D, 0x46314178, 0x4EA9C37E, 0xAF4EC56E, 0x9EB0BB77,
    0xEACC234E, 0xC6F0336B, 0x5A20F546, 0xBBF86240, 0x4E68415B, 0x9E69CE78, 0x4B53F547, 0x533FCD46,
    0xA6BC7774, 0xE69AFE77, 0xD2EBEB46, 0x9AAAAF46, 0xEEE04373, 0x8B314240, 0xEB20BE42, 0xBBF86240,
    0xCFF8627B, 0xBF38637C, 0xCFF8E27C, 0xCFF8E27B, 0xCF30E37D, 0xCE17C35C, 0xCE374377, 0xEF6DAD73,
    0x43274144, 0x4EE8D06C, 0x8FA7A76E, 0x529D2348, 0xEA2CA147, 0xE6B3A76E, 0x5EFD435B, 0x93F0BF46,
    0x5EC0336F, 0xC3E04240, 0xBF386378, 0xBFF8E275, 0xBF38E37C, 0xCF38E37E, 0xBFF8E27A, 0xCF18637C,
    0xBF30E37C, 0xBE306360, 0xCE37435E, 0x9E71466A, 0x83482D44, 0xEA092147, 0xA633D977, 0xFFFD5372,
    0xAF5FF56E, 0xB32A2E46, 0xEEDFD372, 0x96F35B78, 0xEB803A46, 0x8B2A4240, 0x4351A143, 0xE674C279,
    0xFA31A346, 0x4ADF2347, 0x96D0276E, 0x4A4AAD4B, 0x5AD12747, 0x533DD146, 0xEE6D0173, 0xBB204340,
    0x3E29AD6D, 0xEE35D274, 0xD2D34B47, 0x8B9D7B4C, 0xB3BEAB4A, 0xEE775273, 0xEB9DFF48, 0xE3BD5F49,
    0x5BE0C348, 0x8B2B4240, 0x8B31BE43, 0xEFB1F774, 0xEB6B4A44, 0xFF7F6E71, 0xEFB2C773, 0xFB7D5A42,
    0x9755FE6E, 0xF3106343, 0xEBAC0345, 0xBBF80240, 0xCF38E37A, 0xCF18E378, 0xCF38637B, 0xBF18E37C,
    0xBFF8627A, 0xCF18637C, 0xCBF86240, 0xCEF74258, 0xC7375F7C, 0xBEF74263, 0xBE37DF6C, 0xC6375F68,
    0xBEF7DE6A, 0xC6F9E677, 0xBFF0E67A, 0xCF30337E, 0xCEF06679, 0xCE37C36F, 0xBE37C35C, 0xFE6CC17A,
    0xFAACB746, 0x937ED243, 0x9A2D2A46, 0x8F9D3375, 0xA39D6E44, 0xFBB55743, 0xF7FE4B74, 0x87F8D777,
    0xEBB28343, 0xBBF87A40, 0xBFF86277, 0xBF18E379, 0xCFF8627C, 0xBFF8E27B, 0xBFF8627B, 0xBF38637D,
    0xBFF8E27B, 0xBA306340, 0xBF37DF76, 0x8E71E677, 0xF3EC5B43, 0xFEF08377, 0xCB380340, 0xBFF86277,
    0xCF38637B, 0xCF18637B, 0xCFF8627C, 0xCF0C637E, 0xCE30B753, 0x866CC663, 0xEA7F2547, 0xEBBC7F42,
    0xFFB67F71, 0xCEFAF254, 0xCAF6D646, 0xCAF2EA46, 0xBEEC7A60, 0xCEF24654, 0xEBE02F44, 0x5B314240,
    0xEAAC7741, 0xBBF80240, 0xCFF8E275, 0xBF386379, 0xCFF8E27B, 0xBFF86277, 0xBFF8627B, 0xCF37637E,
    0x8637C372, 0x5F6A3678, 0x3EC62755, 0x460CC66C, 0xEE30B273, 0x52299E4A, 0x8A47274E, 0xEE29C17A,
    0x8E48BD58, 0xEAE8C247, 0x5AA03747, 0xBBFE4A40, 0x8768417C, 0xA3BD9F4B, 0xEEA82778, 0xFFE97772,
    0x9E53F575, 0xCAF14E47, 0x8FCAF76E, 0xAAEA2F47, 0x5B20F545, 0x8B314240, 0xEBBE4744, 0xBBE03E40,
    0xBFF8E272, 0xBFF86278, 0xBFF8E276, 0xCFF8627B, 0xBFF8627C, 0xCFF0B27C, 0xCE308370, 0x5F6A3678,
    0x82072947, 0xEE2F1A73, 0x8EA7A375, 0xEE27256B, 0x4E50A560, 0xEEA83F77, 0x9FED4375, 0xFEF1F768,
    0x5A202949, 0xBB386340, 0xBFF86271, 0xBF38E374, 0xC7F8627C, 0xC7F8E27A, 0xC7F8627C, 0xCF38E37D,
    0xCF38E37E, 0xCF2F437D, 0xCE37C36D, 0x9E71425C, 0x83272D44, 0x8E08F573, 0x9732F56E, 0xFEFDF277,
    0x925A7548, 0x8B91FE46, 0xF2FFC746, 0x9AF37247, 0x5B207D46, 0xEB6A4140, 0x3B073D46, 0x46C9FE74,
    0x968A4767, 0x4249C64B, 0x96287971, 0x4A69C349, 0x4BAAA246, 0x52CA4749, 0xEE708179, 0xBBF75E40,
    0xBEF8827E, 0xBFF8E270, 0xCF18E37D, 0xCF38E37C, 0xBF18E37C, 0xBF30E37B, 0xBE306360, 0xBEF0DE63,
    0xBE174271, 0x572FA974, 0x32072546, 0xFEF1236C, 0x3E914375, 0xFED07E6E, 0x46FD3F6F, 0xDE713E6E,
    0xC2F1C747, 0x92292147, 0x5EE0B272, 0xBBE04240, 0x46482973, 0x9AE9A348, 0x423FDD4B, 0xFB892A48,
    0xFEF3AB77, 0xAAEBFF47, 0x9ABF7F47, 0x9BAAAF46, 0x5EA0436F, 0xCBF06240, 0xBEF86260, 0xCFF8E275,
    0xBF18E27A, 0xBF18E37B, 0xBF38637D, 0xCFF8E27C, 0xCF10E37D, 0xCE39E77A, 0xCE37E76F, 0xEF6ABD76,
    0x4B687643, 0xFE134D6F, 0xEAA8534F, 0xEA907250, 0xE24DA147, 0x8EA8A766, 0xEEA9C35A, 0xA64DC256,
    0xFEEBC373, 0xCBE07640, 0xE609C17A, 0x4A28264D, 0xFE70766A, 0x5789AA74, 0xFE30766A, 0xA69DC270,
    0xEABAC745, 0xF633AA70, 0xEAE0F745, 0x8B6C4240, 0xEB714244, 0xBB380340, 0xBFF8E26F, 0xBFF8E275,
    0xBFF8E279, 0xC738E37E, 0xCBF86240, 0xBFF86278, 0xC737437E, 0x5F4AB579, 0xFEF1C751, 0x9B7A7640,
    0xFB326B41, 0xC76EEE71, 0xC2F6B246, 0xBE3DCF54, 0xCFF6CA72, 0x9A3D6F47, 0xEBB28345, 0x5B314240,
    0xEEAC4373, 0xBBF80240, 0xCFF8E275, 0xBFF8E278, 0xBFF8E278, 0xCF38E37E, 0xBFF8627B, 0xC730B37E,
    0xC62F4370, 0x5E4DC171, 0x8208FD46, 0x36E7C074, 0x3FB17770, 0xBAD1534C, 0xCE10B56B, 0xA2F44749,
    0xFECE3F6B, 0xF62C425C, 0x5EB2836A, 0x8B4D4240, 0x3A48B946, 0xF66EAA73, 0xFA6EC34B, 0xEECC276B,
    0xF6ED5B6B, 0x96B05E6A, 0xEBED7F4A, 0xFE4CBA6C, 0x5EA03373, 0x8B303240, 0xEBAF4744, 0xC3F80240,
    0xCF38E377, 0xBFF8E270, 0xCFF8E278, 0xBF386379, 0xC738637D, 0xCFF05E79, 0xBEF74274, 0x9F2A8273,
    0x3B302143, 0xB670766B, 0xFEE92B6B, 0xE2EFC74A, 0x462E415C, 0x8ECC7F6B, 0x4EE93B6C, 0xB32F4147,
    0x5EB20368, 0xBBF87A40, 0xBFF8E272, 0xBF186378, 0xBFF8627C, 0xBFF8627C, 0xCF38637E, 0xCF38E37C,
    0xCF18637D, 0xBF2CE77A, 0xCE37C37D, 0xFE6D4161, 0x82274147, 0xEE132175, 0xFF302575, 0xFE68C277,
    0x9B682E46, 0xE6DDF66A, 0xCE8CA767, 0xFEAEFF6C, 0xEEA03375, 0x5B2A4640, 0x3B094144, 0xFE9D4379,
    0x4631C373, 0xCA5D5F4B, 0x4E694360, 0xFE10395B, 0xEEB0FF5B, 0xEE30335E, 0x5EC02E73, 0xBBE04240,
    0xBFF8E273, 0xBFF8E27A, 0xC7F8627C, 0xBFF8627C, 0xBB386340, 0xBFF8E27C, 0xCAF03240, 0xCE376776,
    0xBFF9E671, 0x5F56A97A, 0x3328A544, 0x3FE9C774, 0xCAF37E4C, 0xC2C9A348, 0xEBD3534D, 0x4353764C,
    0xFB69AB4A, 0xEF7F4675, 0x5EFDAF79, 0xCB207F40, 0xBFF86274, 0xBFF8E278, 0xCF38E37E, 0xBFF8627B,
    0xBFF8E27B, 0xBFF8627B, 0xCF38637D, 0xBE2FC37E, 0xBEF03E6C, 0xBFF03E7B, 0xBE37C374, 0xC6186060,
    0xC7F7427C, 0xC6F9E671, 0xCEF7DE6D, 0xCE30E776, 0xBE174376, 0xCE37DF65, 0xBEF0026E, 0xBF375F7C,
    0xCFF7DE7D, 0xCE37C36E, 0xBE374371, 0xCEF75E6C, 0xBE306773, 0xC6175F6B, 0xCEF75E68, 0xBEF74257,
    0xCB375F40, 0xCE176371, 0xCE10335C, 0xCEF0826D, 0xCEF9E675, 0xCF37E77E, 0xCF37C37C, 0xBEF7C25D,
    0xCE174378, 0xBEEFC264, 0xCE37C374, 0xCE39E772, 0xBEF7C275, 0xBEF05E71, 0xCEF0E678, 0xC630BF6B,
    0xBE306771, 0xBE308373, 0xCE37436B, 0x06E0DE68,
)

TUNE_SMO_OK = (
    0x00014040, 0x00014040, 0x00014040, 0x00014040, 0x00014040, 0x00014040, 0x00014040, 0x530CA648,
    0xEF33F16B, 0xB34B2946, 0xEAFD4342, 0xCAD14640, 0xEBA93348, 0x4B53D94A, 0x4339E646, 0xFB3F5646,
    0xB3495945, 0xB752536C, 0x933B6745, 0xF355E945, 0x93BE7A46, 0xFA7CD548, 0xAD4BEF84, 0x5C1B2E48,
    0x603ED388, 0xF3F4E745, 0xB32F2144, 0xF6ECBF59, 0xABCF7F48, 0x5EEA2458, 0xF2D1C341, 0xF6D3C774,
    0x2B0CC143, 0x42D0BC4B, 0x8BCC3C5C, 0xD369B64D, 0x9B1F2156, 0x96ECFC63, 0x3B7EBF4B, 0xC60FB153,
    0xF308B14E, 0xF6EC2463, 0x5BFC4C49, 0xF376CD46, 0xAB4E5946, 0x3B68B144, 0xEECE3461, 0x3652F754,
    0xEE5DF651, 0x9ED0AB55, 0xAAB14645, 0xEEFFF76F, 0xE248B246, 0x8EEC3754, 0xD3CC4050, 0x9EECB854,
    0x3236A247, 0xEE0C7B60, 0x9E2ED250, 0xEE683A55, 0x8BEC575C, 0xDEFC3360, 0xEEEC6F60, 0xEEF46B4F,
    0xE60EB15F, 0x9AB6B349, 0xBEFD4C54, 0xDB4C4254, 0xDE6B3B55, 0x46FFF46D, 0xD23DCD40, 0x32E93041,
    0x3BC92060, 0xEAC9D84A, 0xFBC9A04D, 0xCB764E4F, 0xEA1F594A, 0x5BBAF346, 0x4B547145, 0x5F5F496B,
    0xF3527545, 0x537E7144, 0xC3524748, 0xB3BADB48, 0xDA5F6F49, 0xDE59D657, 0xF396C747, 0xFB576D47,
    0x9A2B4247, 0xF2DDF741, 0xF6517E75, 0x42293647, 0x8BB45349, 0xD77AF271, 0x8315C946, 0x533F5D46,
    0xD732E26A, 0xB3517D48, 0x4F7BED6E, 0x4BD7D746, 0x4BFEE746, 0x8B7C4A46, 0x5F73F66C, 0x9BB76F47,
    0x9BAD2348, 0x9B4D414A, 0x4B0E6549, 0x5E1F255C, 0xFAFD4343, 0xF6DAFB74, 0x2B49FE43, 0xE6B3735E,
    0x3ECDA066, 0xA25D5A4A, 0xFBEC204B, 0x3657CE5D, 0xABDE7B4F, 0xF371B34C, 0x935D464E, 0xF2D7A348,
    0x4BFD744B, 0x5B76A746, 0xAB514D45, 0x3B487E47, 0xBAC9A047, 0xF22DB24A, 0xB796DF6C, 0x9E4B3B59,
    0xB6BAF770, 0xEA3D2F44, 0x3E69BA79, 0xEEC83458, 0xFBBDB359, 0x93C95759, 0xEA8DDB4A, 0xFB4D3359,
    0x362C365A, 0xCB2CB65A, 0xD68CB75B, 0xA62D335E, 0xF6ED5359, 0xEEFFB759, 0x9BFDB052, 0x9314614E,
    0x9E91B25D, 0x934D5A4F, 0xD3ACD256, 0xC2FD4046, 0x4A1D4541, 0x36CFFF76, 0x3A485F47, 0x2BC9405C,
    0x9BF0B854, 0x3BC8384D, 0xB27C2247, 0xF2FFA047, 0x4EC9E860, 0x4BB9524C, 0x5BD74B4C, 0x43113B47,
    0xEB15A547, 0x43BECB46, 0xFA2E7549, 0x93B9C749, 0x5FC9AB6A, 0x53B14649, 0x5B302547, 0xF27D7743,
    0xF6DF6B77, 0x8AE94041, 0x8ADA444A, 0x33F87753, 0xAD954294, 0x5C6FD24A, 0x9626D288, 0xFE544269,
    0xCBDDA05D, 0xFF74426C, 0xE6344269, 0xFE93FA67, 0xFBF7725A, 0xCB53F759, 0xDE9A4269, 0xE3B0F756,
    0x8B7A5251, 0x8B5F5250, 0x5B40754F, 0x93774242, 0x5B515E44, 0x26D0A06F, 0x23A8A454, 0x3371FE59,
    0x33082554, 0xFBD64450, 0x3BC8244E, 0x3B1FD356, 0xDBF4D856, 0x3312D155, 0xF3C8A44F, 0xDBDF5353,
    0xF2BC524C, 0x92B2CA4A, 0xF2C8A74B, 0xFBFF6E50, 0xAADEEB4B, 0xEB29654D, 0xFA7D7543, 0xDE586A77,
    0x3F50CA6A, 0x8ACA244A, 0x32EF4449, 0x8A31F647, 0xD2297A47, 0x8B5F6B5B, 0xBA3F4248, 0x8B703F5A,
    0xE2BF7C49, 0x32A94B48, 0xFAAA244A, 0x92DDC044, 0xCA5D7742, 0x9E8D5E6F, 0xEABDC448, 0x337A5A60,
    0x3BB3745D, 0x3B50A957, 0x42FD7741, 0x8B7D7547, 0xB38CA049, 0x33A82466, 0xCBA8A45B, 0xABBF7E5C,
    0x2B7FC658, 0xFFF2266E, 0x33FC7059, 0xA3B7445B, 0x9BF9605D, 0x8B565259, 0xFF18F571, 0xAF1D5B6E,
    0xAA7CEF48, 0x9BFD204A, 0x8FDFF06A, 0x36F3305C, 0x3BACB75B, 0xB2CBC046, 0xA2314644, 0x8EFAC37A,
    0x92ECB747, 0xB3D44451, 0xE3D15450, 0xD3D1F850, 0xA6AD7659, 0xF6B1EA59, 0x9631B25C, 0x9E5D325F,
    0xEEDA335E, 0xDA2CB74B, 0xFEAC375B, 0xFB0D7754, 0xFEEDA459, 0x8B52CE4B, 0x8E51D259, 0x8BD4DE53,
    0xDE70FF5D, 0xEAFD7444, 0xF23D7542, 0x32EE2840, 0x8A5DCF4A, 0x37697671, 0x3B0FB54E, 0x3B7A3A5A,
    0x4B544D4D, 0xD756766B, 0x4BB84B45, 0xF337EF49, 0x5237DB47, 0xCBBCE247, 0x4B764947, 0xD33A764C,
    0x43574D4A, 0x4B13794D, 0xFB1BE946, 0x5F317D6C, 0xB24B4147, 0x52F17741, 0xB6D86776, 0x8A0FB946,
    0xFABF7F48, 0x3B322A49, 0x5B52494A, 0xEB7B6147, 0xD39D4E46, 0xB7BB5772, 0x8B12AA46, 0x8B5BCB47,
    0x97B54B6B, 0xEA3EA546, 0xA2737647, 0x9B3B4B48, 0xB252CB46, 0xF2B2CB46, 0xEB737747, 0xEBEBD746,
    0xE3FDC344, 0xCA575F40, 0x3EC9DF74, 0x33A84364, 0xFBF0B85F, 0xCBEE7E54, 0x87F94073, 0x9FE8FF6B,
    0x3A11CD48, 0x4ABF274C, 0x9F7C466F, 0x9B98C647, 0xD3A92B4A, 0xFA3F7E48, 0xCA3EEB48, 0x92514B47,
    0xFBFFCB4B, 0xA78FC66A, 0xBB76C248, 0x522BFD46, 0xFA7AC142, 0xC6FEFF77, 0x8AC9BC40, 0x33D3F35C,
    0x93F6765A, 0xFBDB635A, 0xDA352647, 0xD3985759, 0xDB73F75A, 0xD3D55658, 0xAA096349, 0xD2786349,
    0xB218F947, 0xD37D624A, 0xE6184962, 0xA3D33C4A, 0xEBB37C5D, 0x32292A47, 0x3396F65F, 0x36BDAC6A,
    0x32BD7444, 0x3AABC442, 0x23A9B860, 0x8ACD2446, 0xEBB33866, 0xBBCECE5B, 0x2BD17C60, 0x92D6C447,
    0xEAC9F349, 0x9AEEE448, 0xE3525A57, 0xFB562547, 0xB1CA6D87, 0x7029BE47, 0x80DA7E88, 0xF3B3744E,
    0xCBB5CF61, 0xF2BA7F4A, 0x935FBB54, 0xDABDC045, 0x32FD7443, 0xC6ADC46E, 0x32EEF448, 0x339A365E,
    0xE2B1EC48, 0xFAAECF47, 0xDA34B647, 0x3273F648, 0xFBB5EB59, 0xA35D4E5E, 0x3BD6635E, 0x9BD76454,
    0xBB0ECB60, 0xEED8F65D, 0xFAB4FE49, 0xEE7D4F5F, 0xEB9C5B5D, 0xEF517B6F, 0xDB90AF4C, 0x9AB15E40,
    0xAE98DA6F, 0x2AC8B046, 0x3268F648, 0x9277C647, 0xAB494E60, 0x9BC9A061, 0x2A3D5A49, 0xEAD4FC49,
    0x4B79F549, 0x9373524C, 0x5A396948, 0x4BD9D248, 0x4B595E49, 0x4B337649, 0x9F11ED6F, 0x9B79764A,
    0xD3546E4A, 0xB33F7947, 0xFA5D4145, 0xAA775D40, 0x3E4DE672, 0xE2C9E84B, 0x9AED4749, 0xD6EE3760,
    0x33CEB756, 0x92E9A348, 0xA6EC3B5B, 0xF24DBA4A, 0xC3D1FB58, 0xADBD3999, 0x5C5F3E4B, 0xB369268C,
    0x435D5949, 0xA372DA47, 0xFB6FA24B, 0x3BEC3B4F, 0xAEEE335F, 0xF3FD404A, 0x425DC645, 0xF6FF4C78,
    0x3A0F7D46, 0x8A123948, 0x523FCF47, 0xD30EC94D, 0x537C6547, 0xB235C947, 0xEB5E4547, 0x9372FE47,
    0xEB57C547, 0xB33CA545, 0xF2745749, 0x53BF7B46, 0xF395CF47, 0x2FF0B86B, 0x87E8B473, 0x8FC9DC74,
    0x3670B66B, 0x3E1D2A73, 0xEBFDF44A, 0xA3BA6F49, 0x2B48BB55, 0x8B307E57, 0x3FCDFC70, 0x8E0F3669,
    0x47AD7F6C, 0x4EDFA262, 0x3BED774C, 0x4B6D3E4C, 0x93ED3F4C, 0x4E5D2262, 0x4330354D, 0x4B0F3947,
    0x432FB54B, 0x9FCDC072, 0x3AB0C747, 0xFB6E4E5A, 0x42B03448, 0x4AF1C444, 0xEBB14757, 0x86E9C072,
    0x8FF13B72, 0x3329464D, 0x43F6584E, 0xEBD6444E, 0x33ADF74F, 0xA3D2B850, 0x9B0FF14E, 0x930EF14E,
    0x9BEA4C55, 0xEA13F548, 0x8A3D2247, 0x93747A4B, 0xA26EEB48, 0xF3F7C84A, 0xFBDDDB4F, 0xFBED3C4C,
    0xEE50AF61, 0xBEBEFB74, 0xC2F6CB43, 0x2AC83846, 0xFBB3A456, 0xB2DD7C4B, 0xE3E9444A, 0xFA16FD4B,
    0xCFB1276C, 0xE3915B47, 0x4F2EFF70, 0x4B7B5A49, 0x53395147, 0xEF3FD16A, 0x8F49476F, 0x9ABF6F49,
    0x8BCDBC48, 0xFEA83760, 0xFA4DBA49, 0x3BCF245E, 0x32500346, 0xB6EF4471, 0x8A914243, 0x32493B49,
    0x43DC4C4C, 0x3BD56C4E, 0xE3D1D84C, 0x8BFF744E, 0x471F3A75, 0x47F3EC72, 0x3F2E5A6E, 0xDFEA4F75,
    0xA2132649, 0x8F547F71, 0x3B1AD54E, 0x3779D674, 0xA3CEB44E, 0x9B094D4F, 0x9BAD4B50, 0x43E03854,
    0xEB514352, 0xB6F37770, 0x33CCA24D, 0xFEF62460, 0x9669A25A, 0xC31D3557, 0x53F54454, 0xFB3DCD4A,
    0x5775F96C, 0x87F9D772, 0xA735DE72, 0x8354F147, 0x8FB27B6F, 0x4B386F46, 0xB77BE171, 0x33FF2047,
    0x33A97855, 0x8BC9204F, 0x3B31CA5E, 0x3AD02C47, 0xB23DFE44, 0x3E3F426F, 0x8AAE3747, 0xFB6DF24C,
    0xFAFAC447, 0xA77ED674, 0xEF5E4B6F, 0x3ACE2447, 0x3BFFCF55, 0x8FB6FF72, 0xE3B5CB51, 0xFB347E4A,
    0x43F6EC4C, 0x8BF6504A, 0x3F15E972, 0x3B49CB59, 0x8FB7DB73, 0x43FFEF54, 0x3B0CE953, 0x8A1D4143,
    0xEAFD7441, 0x262F4F71, 0x9AD3304A, 0x9BDFCC4F, 0x3E1FFD55, 0x9AE9F74B, 0x93344D4B, 0x5B3B4D46,
    0xFB97E246, 0x9FFBF375, 0xEF7BBA71, 0xEE785A55, 0xEBB5E346, 0xFB58ED44, 0x3F8C626F, 0x2B3A4258,
    0x8EBAAB75, 0xEBAB4C57, 0x3A1DC144, 0x360F4161, 0x3BDA404F, 0x3E0F2558, 0x8E0CA252, 0x424C3F47,
    0x32E9BC49, 0xBEAF2353, 0xA6B2F752, 0xEF0CBE70, 0xC749BE6A, 0xEABEA74C, 0x3EDD2053, 0xA311A556,
    0xB7FB3B75, 0xEEF2BB55, 0x86C8CC55, 0xFFACC06B, 0x36B4FF56, 0xCB2E425A, 0x9ACBC046, 0xAEDF7F77,
    0x26B34C75, 0x32F3324A, 0xEBCD2460, 0x8BCD3051, 0x8AE84C47, 0xEB5DFF59, 0xB66E4658, 0xFE6E3258,
    0x366D3258, 0xEE6C3A58, 0xF24CBA49, 0xFB4C3A5A, 0xB3AC3B5D, 0x8BCC3B5E, 0x2ACC3B48, 0xD3ECB75B,
    0x8B6CB655, 0x36F0345F, 0x92F47444, 0xDEBE776F, 0x8E302275, 0x33B1A756, 0x37314572, 0x8B3AF64D,
    0xFF9AF76F, 0xD7B1D36A, 0x4F747675, 0x9BF8D74B, 0x9BF7E74A, 0xBFF96270, 0xA3FAE34B, 0x8BF85B4A,
    0xF6DF626C, 0x2AD4E448, 0x8A48A74C, 0xA2F62348, 0xB328A657, 0x8AFAAC46, 0x3BAF765B, 0x8AAB4044,
    0x9A1DF54A, 0x3F7DF676, 0x3F11C571, 0xC5BDDB95, 0x7041D247, 0xC37D6F8F, 0xEA3CEE48, 0xFBF8684C,
    0x3B3CE14C, 0x42D14F47, 0x3FDFEA76, 0x3B36C54B, 0xA2152547, 0xCFC9A072, 0x82886B4A, 0xFFFA406F,
    0xB7EA6B74, 0xEBFD2E4A, 0xFAFDF643, 0x9E537975, 0x32FABC49, 0xFBC95060, 0x8A1DEA4A, 0xE7E8776C,
    0x43F0B85A, 0xDBEEF357, 0x361BD565, 0x3B08254F, 0x9A89A248, 0xA2E8244B, 0xBB39A64A, 0x8B4AC74A,
    0x4A91DA47, 0xCBB03C5B, 0x9BDD3C50, 0x9A71264A, 0xF3ABA857, 0xAEDDF46E, 0x365FC674, 0x2A6FFE44,
    0xEA2F3A47, 0xBA49A246, 0x33DF7E5D, 0xFABFF447, 0xEAFCF747, 0x5C6D4447, 0x88547287, 0xF2754B47,
    0xAD7DA79A, 0x32FB2647, 0xAD175798, 0x5C5F4547, 0x5C5BC447, 0xEA4A2647, 0xEAA87448, 0x3272E647,
    0xEAABC047, 0x9EFD4072, 0x3BBDF755, 0x8ACFB447, 0x2FF43B74, 0x3229734B, 0x83D44C4D, 0x3F0E3570,
    0xA72D6D6B, 0x56B37F61, 0x9333FD4A, 0x5333F749, 0x4B9F3B4A, 0x4B1ED546, 0x9B34C946, 0x43B65B47,
    0xEB8E5A58, 0xEF694E70, 0xFA6DBE4A, 0x2EF12865, 0x3ACF2C46, 0xEBAA4062, 0x46ECC06D, 0xC2E8A44A,
    0x9A2ECE47, 0x3608B55A, 0xFB28264F, 0x362D7E61, 0x3329EA4E, 0x823D2147, 0x9FE8A474, 0x42FD4F49,
    0x9B89634D, 0x3F33B96E, 0x47F43775, 0x37E8D071, 0x827D2248, 0x974C3B6B, 0xD6FC7360, 0xFB10AD47,
    0x3A315E43, 0x26C9C06D, 0xEB33B65E, 0xBB73F699, 0x786D3C49, 0x70BF978B, 0xFAD6CB48, 0xDA56C648,
    0xAE59365E, 0xEB7DDE57, 0xF6BF445C, 0xDB49CE59, 0x423AA549, 0x3A33F548, 0x9BB1FB4B, 0x2A3A4A48,
    0x8BBA5B5C, 0xEB36765A, 0xF3BEC75F, 0x92AB4247, 0xF277EB42, 0xE6717773, 0xE2493247, 0x9B57C656,
    0xA2B6774A, 0x8FFBEE6F, 0xBBD5E35C, 0xAEB5E65B, 0x32F3F647, 0x9A56D248, 0xD6B9725C, 0xF7B7EF70,
    0xFBF4F055, 0x9BF7584F, 0x8B77E653, 0xD21C5F49, 0x3BDB6755, 0x3BB95F4B, 0x5A6A6E49, 0xA2508243,
    0xF679E573, 0x336E4D42, 0x2A8ACE49, 0x9ACD3E4B, 0xFBA9B857, 0x33BAA056, 0x2BDEF462, 0xE3D3585B,
    0x473D796B, 0xF3DE764E, 0xEBB3CB4B, 0x8F1C5E73, 0x57D5776B, 0x4B574D46, 0x9B1E794A, 0x4A53EF47,
    0x47DACE6C, 0xFB7E764D, 0xAA302D47, 0xFA915241, 0xFE9DC66F, 0x32A9BC42, 0xEBBDF75F, 0xEA38F648,
    0x9F57EF70, 0x2AB82747, 0x937FCA59, 0x2B5A5657, 0x2B517258, 0xDBBF6C57, 0xEBBF4457, 0xFBBF4457,
    0xEBAA4459, 0xC2DFE247, 0xEB5CC661, 0xEFB9DE70, 0x2A7FEA47, 0x3ACBF447, 0xB2BD4341, 0xDA175F40,
    0x36AF2C71, 0x32A9B84B, 0x9A69F64A, 0xCF6F5A6C, 0xB2DDB84A, 0xFFBDF46C, 0xFB33CF58, 0x9BBE525A,
    0xC2B32747, 0x2AD46C4B, 0xC2D2244A, 0x8BF3CE52, 0xB3C9EA58, 0xD2F65449, 0xABFD504E, 0xEAD2D647,
    0x8BFACC4B, 0xEB602D48, 0x9B774243, 0x93544645, 0x32A83046, 0xEBBF7C52, 0x8B29DA57, 0xA7B24C71,
    0xD35CE75E, 0xA7547774, 0xEABB7349, 0x9F91FE77, 0xEB19575D, 0xB29DEF48, 0xEB20B94A, 0xAE788377,
    0xA679435C, 0xDBA52914, 0x2AD93848, 0xCB9AE65D, 0xDFBFE077, 0xB2BDC343, 0x32D75E40, 0x2E2CE277,
    0x323FCF4B, 0xCAF3FF48, 0x37A87F77, 0xB3B67750, 0xE3DE7A4C, 0xFA9B6348, 0xA31B4D49, 0xA3B9DF4D,
    0xF3985E4A, 0xFFB76777, 0x5B77E646, 0xA3F76747, 0x33395D46, 0xAF3BCE70, 0x8B7C6B58, 0xFA527649,
    0xDE10A756, 0xAA1D7742, 0xA2975340, 0xF689BB71, 0x66261509, 0x9255A64A, 0x32712747, 0x97355F71,
    0xB2B6CB47, 0x3332F659, 0xA3D96852, 0xC3DBEE5C, 0xDBDB4F5A, 0xFAF9C447, 0x93FAD84D, 0xB354F254,
    0xC23C5E49, 0xD3D5F659, 0x8B165950, 0x93B9DE4E, 0x92CBC046, 0xEAD75F40, 0xFEF7E471, 0x32A8B047,
    0xEAB1B447, 0x9B195957, 0x4338794F, 0x3B98CB48, 0x8BFEEC52, 0xFB716A4F, 0x3B36FE4B, 0xC3DB4B4E,
    0xEB742750, 0xFBDE4F4C, 0x53B8E34B, 0xEB185646, 0x8B18ED48, 0x4FF6EB71, 0xF2F5D747, 0xFB8B6E49,
    0x92574140, 0xAE59DE6F, 0x3769BE6F, 0xA3BA375D, 0xAB89CA59, 0x9B3BC657, 0xF2B17849, 0xDABB6748,
    0xFBD2FB5C, 0x8BCDC75C, 0x8AFA4748, 0x93BAE65A, 0xA37DDA59, 0xE35A4A59, 0xF2517E49, 0x2BB27F5D,
    0xF38DF761, 0xBBDA4761, 0xCE8E375F, 0xD330AE4E, 0xD2975F40, 0xD6986771, 0x2A88C046, 0x8A6ACE49,
    0x9ADAF449, 0x8FB1A86E, 0x2ADEF44A, 0xABB15465, 0xEBBFFC54, 0x43B24758, 0x37FE246E, 0x43F3C44C,
    0x331D4154, 0x33B5474F, 0xD2F12447, 0xEBFE704B, 0x9A1ED149, 0xEA322647, 0x4B0AC14F, 0xEA1DF543,
    0x9E3D766C, 0x3309E946, 0x2BDDA861, 0xFEBDCB70, 0xB3F74E5F, 0x937AF35B, 0x8AD92B47, 0x8BF3DF5D,
    0xEAC9F646, 0xF2B6EC46, 0xEF56D270, 0x3B572B5F, 0x9B92FE4D, 0xB7B76F70, 0x365BEB70, 0xBB3ACE5E,
    0x2FB9EF74, 0x92F7EF46, 0xF6DDAF70, 0xE2504F40, 0xDE17D374, 0x2E73246E, 0x22C9A046, 0x2AC92047,
    0xB35D475C, 0xFA5E2349, 0x2E5D526D, 0xAAD6DF48, 0x33B3A458, 0x8BFF4760, 0x33A9D059, 0xE3E92063,
    0x8BE9A056, 0x4B76C64D, 0x33F37A4F, 0xB2682647, 0xB27FC649, 0xB29D2348, 0xFAFDAF46, 0xBAB1EA40,
    0xDE377F71, 0xA2BFC048, 0x32EA7F4A, 0x8A4A7A48, 0x4AC92047, 0x33292954, 0x8B0A7D4F, 0x3ABFC747,
    0xE3F65C4A, 0xAF13A96E, 0xEA9E7649, 0x42314947, 0x92BB4F47, 0x3B3B614D, 0x43A9FF4A, 0xB77FDE74,
    0x83F15049, 0x47D02A73, 0x8A714641, 0xFA77EA42, 0x651A59D2, 0xD31FD59B, 0x945B4A4B, 0x961F1D88,
    0x33BFDF55, 0x435D4750, 0x833C6550, 0xC7B1E66A, 0xEB776F4A, 0xEBAA6B4C, 0xC34B2687, 0x781DCA47,
    0x9C96D387, 0x8BB6CB46, 0xEB117D47, 0xEAFD6648, 0x9B92C74C, 0xD32BEE4A, 0x4E5DFB73, 0x9A114D41,
    0x3A304D44, 0x82C8F44A, 0x3FF1FF70, 0xEF5EC66A, 0x9BFF4655, 0xA3FFCB51, 0xD2D2F44C, 0x9B377650,
    0x8BFF6750, 0xFB99D352, 0xBBF2A44D, 0x57DACF71, 0x4331FE47, 0x9BD16E4E, 0x53FD734E, 0x3B117149,
    0xFBC9E74D, 0x827DF545, 0x8A3D4642, 0x3EAB4777, 0x8AB4404B, 0xFFF1A76F, 0x3288244D, 0x339AEB66,
    0x33BADC5C, 0xF738F66B, 0xDBA8585C, 0xB3BAF853, 0x2B3BC657, 0xA2D4C448, 0x8B9F7E4F, 0x3A1F4549,
    0xEA31CA47, 0x9ADCF84B, 0xE756D36B, 0xCA16C749, 0xF2EB764A, 0xCEFFFE76, 0xDABCFE44, 0x32B0A844,
    0xF271EA49, 0xFE39526B, 0xC237D249, 0xFE3DC66A, 0xABD4675B, 0xAB78DF58, 0xD657626B, 0xD337F358,
    0xA7DADA6B, 0x4BFEF05A, 0xBBFCC74B, 0xB7D86E6D, 0xD63B666C, 0xFFF5A472, 0x3B94CB55, 0x8BFA6752,
    0xC2FDAF46, 0xF2385F41, 0x9E196775, 0x8AE83F47, 0xFAD02447, 0x8BFFCC4C, 0xFAB14F47, 0xE21B6547,
    0x4F584972, 0xFF34626F, 0xCA7FA646, 0xF335F946, 0x5335ED46, 0x9B3F4646, 0xFF51E26E, 0x5B987E47,
    0x9B5FC646, 0xEB5FC646, 0xE2714B47, 0x5AABA646, 0xEAAD0341, 0xA3374240, 0x3E2A026F, 0x3A092949,
    0xA3F1D352, 0xA33A664F, 0x33FAFC55, 0x8BD44F4F, 0xEF9EFA6D, 0x43F5C852, 0x8B9ECA4E, 0x3B1CF551,
    0x8A13D547, 0xFB7DFE4F, 0x43B9C753, 0x8B1A494F, 0x9B3E7A4F, 0x8B12594E, 0x8BF7604C, 0xAB70AD48,
    0x8AD75E40, 0xDED74275, 0x2AC8B442, 0x2AC92047, 0x32BDA74A, 0x3B29F552, 0x9FEAC773, 0x4BFCA44A,
    0x3B7B5654, 0xEFFC4771, 0x9B35FA4E, 0x43F4D84A, 0x4B5BED4E, 0xB3786147, 0xD3386146, 0x3B16C946,
    0x9B3DE24B, 0xEE74F65C, 0x87FF4774, 0xEB900246, 0xFF375E73, 0x9E2F6671, 0x6E739E07, 0x3B13B555,
    0x8FECA76F, 0xA7F16B72, 0xEBF2A454, 0xEF33766E, 0x8F74F274, 0xA7B17B71, 0xA353F74E, 0xE33F524D,
    0xDB77E646, 0x537A5947, 0x8B4DCD47, 0x9BD7305E, 0x2BD5745D, 0x9FD3F471, 0x33B3D062, 0x33B96A5B,
    0xFB176F5C, 0x2B90E85B, 0xEA8B7444, 0x8EBDC05C, 0xC2FDEB43, 0x9AB17642, 0x329DF643, 0x2A71C640,
    0xDA575340, 0x96D3C770, 0xA29D7B41, 0x9AD75840, 0x97F86771, 0x93DDCF58, 0x9BC9C054, 0xFE35465B,
    0xD7FEE771, 0xB37B4A58, 0xD3B4FB4C, 0xEBF9504D, 0xD3557751, 0xFBAD3056, 0xF79FCE71, 0xF2495647,
    0x2BBD335A, 0xB2DF4649, 0x2AD1F447, 0x9353765A, 0x9F984E72, 0xD2D95F48, 0x2B71FA5A, 0x92DBE748,
    0xF2D24B47, 0xABDDD35E, 0xFA312649, 0xEBF37362, 0x2B5F265A, 0x42CA4449, 0x42FD4043, 0x32694640,
    0xD1B13AA0, 0xA45FC147, 0x84D1F387, 0x2A73FA47, 0xDEF6DA61, 0xDBB9DE5C, 0xFA98EA47, 0xF7DD3872,
    0xCB29A24D, 0x9BF95350, 0xFF7EE275, 0x8BF9444B, 0xFB7BC64D, 0x2A19D547, 0x3BB37458, 0x8B95EF55,
    0xA31A664F, 0x4F10A96C, 0x8A31C640, 0xD25D4540, 0xBFCFA474, 0xEB29AA5C, 0xEBCE7660, 0xD3BDC45A,
    0x8A4FFB47, 0xEAC9AB48, 0x2AD35B47, 0xEAFD2747, 0xB2C9A849, 0x33AEF65D, 0x3F4AC76D, 0xEACAF448,
    0xFA89AA47, 0x8AABA446, 0xEEAF7769, 0xEA8F3242, 0x328F4244, 0xF600C174, 0x423F4141, 0x3A2B4540,
    0xFB3F6A5E, 0x33BDF464, 0x8BB1F466, 0xEA3DF643, 0x32B03B41, 0x8A3D7642, 0x4AB03F40, 0x9E503E6D,
    0xA7B75F74, 0xF637676B, 0xEE57C274, 0xB3D7DF48, 0xFEB3E675, 0xE28A3C4A, 0xBAEEA74A, 0x9BB17761,
    0x8AF45E49, 0xBA49C746, 0xEA29CA46, 0xBBB67B5F, 0xA3732659, 0x32DDCA47, 0xEBDD7851, 0x2268FA47,
    0x33BCA45B, 0xD2BC2447, 0xEAD02F47, 0x92DD7441, 0x96F2776D, 0x4EF1C060, 0xFA534640, 0x92303E41,
    0x22100140, 0xE2BD7444, 0xFA3DC742, 0xB7503672, 0xEB10B94E, 0xF2514640, 0xCED04F71, 0x8AAEA446,
    0xEABDBF46, 0x2AB14F47, 0xEBBF745C, 0xEBBB6C62, 0xFA3D7247, 0x3274CF46, 0x43F9E04B, 0xA7376E71,
    0x8A59CB46, 0x8B356A4B, 0x43D8634F, 0x9B18614E, 0xEBAAC451, 0xBA4A2746, 0x8FB2DB76, 0x2A6B7F47,
    0xEE7F766C, 0xEAD0C742, 0xF6693A6F, 0x27AFC374, 0x2AFDF648, 0x2A88A849, 0xD230FE47, 0x337FE65D,
    0xA3AA4F5E, 0xF29BFA47, 0x93DFC75C, 0xA2D14B47, 0x3A925B47, 0xE37F464C, 0xB7E97A74, 0xD2FE4B47,
    0xEB20314A, 0xBE57DF6F, 0xA6575F75, 0xD3375E47, 0xDF365F87, 0xBC1D6F40, 0xB6054C80, 0x9A68C245,
    0x326BA445, 0xE3ECBB5F, 0xB2BDC046, 0xB2D24645, 0x3680D876, 0x8AF1C344, 0x96317A77, 0xEEFDF672,
    0x2A30DA43, 0x325DF744, 0xCE7FAE73, 0x36B0A86D, 0xFAB94C47, 0xFACFA449, 0xB27FC249, 0x3BB27F5C,
    0xEBB0BF5A, 0x32EA2747, 0xFA36CE47, 0x3AE97247, 0x9BEAEC54, 0xFAD57449, 0xAAF22447, 0xDBFFEC56,
    0x9B4A4753, 0xCFB42691, 0x9443C947, 0x903D4587, 0x8BFEC44B, 0x9A114947, 0xD3FE7350, 0x424AFB48,
    0x9A3DC143, 0xB67E7677, 0x52707E42, 0xBA344640, 0x8E986277, 0x3F90FA78, 0xD5DDA520, 0x2EAABF6B,
    0xE2CE2749, 0xA2E92B49, 0x2FFCBF79, 0x2ADF6847, 0x32FE274A, 0x9A6EC249, 0x9B5D2659, 0x373EBE74,
    0x32BF244A, 0xCABEA449, 0x2FD46C77, 0xFB1E4D53, 0xF73BF273, 0x8FEAA670, 0x4AAD2B47, 0xBA5D4341,
    0xA6BEFB74, 0x3A694240, 0xFB343A4C, 0x43747E49, 0xFBF35C4E, 0x8B717A4A, 0xB375F248, 0x82F22647,
    0xD33D7D47, 0x8FAEC76D, 0x57F3536D, 0x4F777674, 0x8FBBD76B, 0xFFB4E76F, 0x576B6E71, 0xEA774140,
    0xD6385E74, 0xBFF86378, 0xBF38E274, 0xD3386245, 0x37306278, 0x2A903047, 0x329DD045, 0x2A9D5044,
    0xFEDFAE73, 0xFAFF2F44, 0x2A79CE42, 0x97FF7E74, 0xB2B1EF42, 0xB257CF42, 0x2A39CA42, 0xE259C642,
    0xBA99C742, 0x32B1C442, 0xEAAF3848, 0x92CD3A49, 0xBE49C660, 0xE312575D, 0xDAB45A48, 0xF3B7D857,
    0xD2FDBB47, 0xA2692A4A, 0xBA6F7649, 0x96EDC760, 0xD1BFBBA1, 0xA079C646, 0xCFC5A599, 0x335D6A5B,
    0x2BD6275D, 0x2B7DCE59, 0x2B6E3E58, 0x2B344E55, 0x32EE3C48, 0x33945362, 0xFB6EC254, 0xFA7D6A4A,
    0xB25F2347, 0xFB302E5A, 0xBA7DC741, 0xB67FCF72, 0x22B0A042, 0x2A882747, 0x36297E69, 0x9BD3E860,
    0x2B56F762, 0x8B594658, 0x33D55361, 0xFAB9744A, 0xABDBC860, 0xEBB32462, 0x8BDDE656, 0x3BD8445A,
    0x9356FA56, 0x8B694653, 0x33D14B5D, 0x8B7E7E55, 0xEAE95849, 0xB33F2D47, 0xEA764640, 0x9EF14373,
    0x8AD1A449, 0x8F75F775, 0x9A53A749, 0x9BDC445E, 0xE231D647, 0x9FDC6C78, 0x323E6A49, 0xCF74CE76,
    0x3774E676, 0xA3FB6F59, 0xFAFD2F47, 0xB2F47642, 0x8EF96679, 0xEAE93847, 0xB77AD678, 0x47B7C771,
    0x4FAB7F77, 0xD2974240, 0x2EC94073, 0xC385399B, 0xB47DAF47, 0x5AA6938A, 0x2A7DCE47, 0x8B917E5D,
    0x2B935254, 0xE3D7E756, 0x8BDE6A47, 0x937B4A47, 0x8B9D5B47, 0xFBD5D747, 0xEBBC6348, 0xFBB7E349,
    0xEEB3FC59, 0xEA7FFF49, 0xF2BC5C49, 0xABBDA65A, 0xF270FE45, 0xAA175F40, 0xB6AFC66F, 0x2AC93047,
    0x2BFDF35D, 0xE7D3C477, 0xBB494E5B, 0x3656D75A, 0x2A734A47, 0xE3F76E5C, 0xDAB62747, 0xEE73FA5A,
    0xEB7D5A5B, 0x37BC4777, 0x9F3CDE76, 0xA3D66B5A, 0xD2DADA48, 0xEA766A48, 0xBB57E254, 0x3ACBFF47,
    0xAA500340, 0xC6B96674, 0xFEAC246B, 0x3BAC344E, 0x8FD3B471, 0xD1BDFF97, 0xA851B947, 0xDF486F92,
    0x42E94C49, 0x9F3B4A71, 0xEBF6F74F, 0x3FF5D773, 0xFF37EF74, 0x9B38E74D, 0x8F195171, 0xA3697A4D,
    0x8BF7D649, 0x8BBCEF47, 0xEF156177, 0xFB202949, 0x8BD74247, 0xEEF7C36A, 0x36B0BC72, 0x9A3DF743,
    0x2A9A4742, 0xFAF1C740, 0xCAF14740, 0xB6DDC66F, 0xB2D15640, 0x9A3D4144, 0xB2D15F40, 0xFE97F670,
    0xD3D9DF47, 0xB3D8E747, 0xD3B9E247, 0xAE774160, 0xE679E372, 0xD3795D45, 0xC33AE785, 0xCE18DF70,
    0xD3796145, 0x57D1DF70, 0xB8131206, 0x32BD7445, 0xD2B14443, 0x33BD745C, 0xEEB0CC72, 0xEE9DC374,
    0x4AFD4741, 0xFA344640, 0xBE5E5E71, 0x9BD7EF47, 0xBE776771, 0xB757E770, 0xEBB9E247, 0xFADF7045,
    0xE29A4F44, 0xFEDDEA6B, 0x9E3D6772, 0xCA9FFB44, 0xF2D6C643, 0xCA71F643, 0xD2BFFA44, 0xDED1EC6F,
    0xDE117F72, 0x36FFFC76, 0xE277F344, 0xD6B1F76F, 0xAB7FFE46, 0xF25D7A41, 0x8E9FCF74, 0xFE11F76F,
    0xF35D4F47, 0xBEDC4672, 0xF37D6747, 0xCEBDC66F, 0xC333F646, 0xBB79C646, 0xC35DE646, 0xC21C7F41,
    0x36B0C673, 0x8AB54449, 0x2ED14260, 0x8A8DA347, 0x2E6FB66C, 0x3253B748, 0xFFB0DC71, 0xB6D8C45D,
    0x3315EE51, 0x33B3EF51, 0x333FF652, 0x3F1C6A73, 0xA3A84759, 0xEB5FFB52, 0x3BBDDF4C, 0x8BBF474C,
    0x9F7B4E74, 0xFBD07A4A, 0x9A7D7644, 0xB6FFF776, 0x2B3DC24E, 0xA6D1C353, 0xEA3D4740, 0xEE3D4F71,
    0xF2BDFC41, 0xAA934B40, 0xEADFF740, 0x8A985740, 0xCFF7E270, 0xEBB7665A, 0xBB96EF57, 0xB3B7625A,
    0x8B17E758, 0x224F4E40, 0x2AD03045, 0xFABDF642, 0xB2DDC442, 0xEB11F54E, 0xB2BD7741, 0x22AB2840,
    0xC57229A7, 0x84A55645, 0xCAF09384, 0xEFB1436F, 0x2AD00046, 0x32BDDF43, 0xDE3FFE73, 0xFE3DC162,
    0x8A5D4640, 0xFE10E776, 0xA6B7DE70, 0x9B77DF47, 0xA6D96371, 0x27CAAC70, 0x2B90F05D, 0x9EDAAC70,
    0x2A712E44, 0xFAFD4745, 0xE2FF4744, 0xCEF3FF76, 0xEA902C47, 0x9EB3CC74, 0xCEF4476E, 0x5C7B6945,
    0xCE067E85, 0x545B6A45, 0xDAB6C743, 0xDA3DC144, 0xFAB75F41, 0xEEBFDE72, 0xAABF7E42, 0xAA7E5F41,
    0x2350C646, 0x2ACE2047, 0xEE29B269, 0x2A8C3C4D, 0x36EFB069, 0x3A9DB248, 0x37FEA374, 0x47E82472,
    0x9E29B352, 0x431CA24D, 0x8FB1A76A, 0x3BBFA355, 0x3B287E49, 0x47A8A770, 0x96FB3364, 0xB3D3F78A,
    0xB62CBD6A, 0x60E9238A, 0x8B3DC646, 0xC73D7E86, 0x2B962647, 0x661A7587, 0xEA3FA649, 0xE2B42747,
    0x2A502E47, 0xF2DF7743, 0xD2B14640, 0x2A08B346, 0xF67DA654, 0x22DC784A, 0xD3ACEC59, 0xD673B25F,
    0x2EDF6355, 0xEBBEA063, 0xBFA97F71, 0xA2A92047, 0x339CC65C, 0x2F9C4475, 0x2BD42454, 0xDB72BA5A,
    0x2ECEB054, 0x362C7653, 0xABFF4F60, 0xF6D3B362, 0xE6917A54, 0x93DAE45E, 0x2A30A349, 0x328E7445,
    0x262FC26B, 0xCE937771, 0xDEDD5F6D, 0xEEFFFF75, 0xCFFEFB74, 0xA2504E43, 0x8ED14375, 0x96D9EB73,
    0x96DF786E, 0xDAB14A40, 0xDEB47E73, 0x2669BF6F, 0x26BA5859, 0x9EACA353, 0x2B89E45C, 0x9AA8264A,
    0xEAEDE748, 0x96147755, 0xF3B7F462, 0xD373C65B, 0x2FB67771, 0x2B315A5A, 0xEF7C5674, 0x8B0CB75D,
    0xEBBCF05B, 0x2A91FC47, 0x32797E4A, 0xFB3A5B64, 0x8B56A75B, 0xDAD26F49, 0xBABB5649, 0x9AACF848,
    0x2E2CC655, 0xC66CC755, 0xDA297E4B, 0x33B37059, 0xFBF4DB60, 0x36A95457, 0xEB6B425E, 0xFA9DC443,
    0x9EFFAF72, 0x8AB1C441, 0xEBB14C5C, 0xA23DFE43, 0xF65AF66E, 0x9EBFFF75, 0xF23DCF42, 0xFFDFEE75,
    0xDAD04740, 0xA697D36D, 0xFA4A5E40, 0xFE882458, 0xD2D1F748, 0x23B6C45C, 0x2E4C275B, 0x9A342647,
    0xDA9F4C49, 0xB33EFE5D, 0xABB35062, 0x2BFF7E5D, 0x9AEC3747, 0x229CFF49, 0x2B9FB061, 0x8AFF7A4A,
    0x2B394E65, 0xD55FF7A4, 0xB4853249, 0xD3E6E6A1, 0xAB387A5A, 0x33F8635F, 0x2B735659, 0x8A93C747,
    0x2BB57765, 0xEBB97459, 0xC3F94B5C, 0x2E967A59, 0xF389205E, 0xAEA8E857, 0xD9257DA8, 0x907DB84A,
    0xD33D31A1, 0x8E963357, 0x2AFF7349, 0x8A724647, 0x9ABC6449, 0x2B717660, 0x8BBF4F63, 0x92D0A847,
    0xDA3D4640, 0xAE735F6E, 0x9E29B267, 0x93B37463, 0xE25D5A48, 0xF369CE61, 0xE2FC5249, 0xDB49EF64,
    0xEF9E226E, 0xD3E4779D, 0xD72CB671, 0xD3FDCEA5, 0x92B34447, 0x6A97CF89, 0x2A92D047, 0x66B3D687,
    0xF659C65A, 0x66FC6E89, 0xEB73265F, 0xD3DC5F9C, 0xC3B15B5E, 0xA475B548, 0xD5056D99, 0xD3B1246E,
    0xB6482A59, 0x33F22465, 0x2B5C325C, 0x93D6F65A, 0x234C5A59, 0x93B1D863, 0xAF9D7274, 0xDA776F49,
    0xCBB1FF5B, 0xFB31FE5A, 0xDA566748, 0xEBD67660, 0x8BBC4462, 0xF376765F, 0xF3FDD760, 0x3279DE48,
    0x9BB4735B, 0xEBAFD859, 0x2BF02F69, 0xAA3D7643, 0x8ED0BF6F, 0x2A0D4742, 0xB2374241, 0x2A764640,
    0x82F14443, 0xCFD03075, 0xFA1D7545, 0xEAFD4C43, 0xF29DEB42, 0x8B3DF546, 0x4A103140, 0x9E375E6F,
    0x4E37DF6A, 0x9EB7DF6F, 0xABB8DF49, 0xEB77DE47, 0xB3CDDF49, 0x8AC8B047, 0xFEBCF754, 0x8F3CEA72,
    0xEB3D7258, 0x9A9F6A4B, 0xFF7DCA75, 0x92F6EF4A, 0xFB58D75B, 0x53DED65B, 0xA2300147, 0xACBB7781,
    0xA41F5340, 0xD21D5A80, 0xEAC83045, 0xBE74A653, 0x9A385F4A, 0x97786275, 0xFB916F5A, 0xDB517F5B,
    0x8FF5E672, 0xFB57EF5C, 0xA3FB5B5D, 0x47FD6775, 0x9B2F0247, 0xA2FD4341, 0xCE307F75, 0x54139907,
    0xA3397A55, 0x333F4659, 0xA756EB70, 0x8B3CEA55, 0xD23E224C, 0x9256D349, 0xBB3BCB5A, 0xE29BD64A,
    0x9FFE3B75, 0x93302E47, 0x9ADD7741, 0x36E93075, 0xE3F34F5D, 0x8EFDD755, 0x8C752B4A, 0xD15AFB9A,
    0x33B85855, 0x93F54B5B, 0x9BFC6B5E, 0xD7545771, 0xFFFC6B75, 0x8F94E670, 0x4F4A7D6F, 0xA29D4243,
    0xEA544740, 0x2AC8B046, 0x2AD94C49, 0xBAD3D848, 0xDBF7725D, 0xF356DA59, 0x8AF86B49, 0x9FD8CA73,
    0xEB966F5D, 0x93D8DF5B, 0x9FF5EF73, 0xEB402B49, 0xA6395F6F, 0x2FC83072, 0xBB1FA5A4, 0x9C91B34A,
    0x5E119589, 0x2B9E6850, 0x9ADAA047, 0xEAB8DC49, 0xD29B4F49, 0xA3F3F75B, 0xDB74FF5C, 0xEBBB525A,
    0xFBDCD65B, 0xD374DB5B, 0xC379DF5B, 0x329B5F49, 0xCEBDAC69, 0xE2B1F742, 0xEAF1EA40, 0xD3503F54,
    0x8A915E40, 0xE6B9FF71, 0x82BFC445, 0x8ADFC444, 0x37BDC66B, 0x33DCFF5D, 0xBA7D7645, 0xBAFD5B44,
    0x3A5FF744, 0xEA9F6242, 0x53F0D34C, 0xFA115140, 0xD6334E77, 0xA2FF7F41, 0x3ABF7F44, 0xBDC6CE8C,
    0x9C1F6942, 0x98A7D783, 0x4BEF764A, 0x42BD4241, 0x463DC176, 0x9E90A873, 0xB2B77C45, 0xFA6FC643,
    0x9EF14370, 0xE6F1F76F, 0xFA7F4643, 0xE2BFF743, 0xB2F37E42, 0xE2F14E41, 0xA2167B42, 0xBA95CB41,
    0xE215CB41, 0xD2BDCA41, 0xB2B04442, 0x9E503F71, 0xEAFDF744, 0xFEBFF66F, 0xBA11C140, 0xFA9D7642,
    0xD6DDC277, 0x22AAAC47, 0x2EF1AF72, 0xB6FF4F78, 0x9BDFFC54, 0xA7B97F6B, 0xC2DFC644, 0x56FFF76F,
    0x9A367E42, 0x8A33CE40, 0x96F7E775, 0xDEDDFB6F, 0xE61C4772, 0xFA91CE40, 0x2AF02C47, 0x2F90BC72,
    0xEBB1FF66, 0x2A8CF444, 0xA2BD4343, 0xD62CC256, 0xCE4A0379, 0x2A5D4747, 0xFE2A4A62, 0x8A955647,
    0x9B986E5E, 0x8BBBD45B, 0xD965D7A2, 0xB077C646, 0x88B14687, 0x2BF8E35E, 0x927EA746, 0x9B33F65D,
    0xFB357A5F, 0x93B2A862, 0xD9454A9C, 0xB07D4447, 0xDFBFD7A1, 0x42EBA446, 0xE2B00340, 0xE6404360,
    0x3A90A045, 0x22A91C46, 0xCFC86870, 0x2B912465, 0x37975E75, 0x2BCAC45E, 0x3A7DC747, 0x8BB1774D,
    0x3F31D273, 0x33B17C4D, 0x3B1DCD47, 0x437D5A4E, 0x32F2A44A, 0x53F9574C, 0x4FF97471, 0x47D34775,
    0x5369F64A, 0x5ABF3345, 0xD2574140, 0x2EEADF6C, 0xEA71F647, 0x9BA92865, 0xF2A94746, 0xCE69AA72,
    0xA229CE46, 0x2ABE2647, 0xB2492A49, 0xF2A97E47, 0x9ABE2A49, 0xFABD2447, 0x83497B4F, 0xA77FD26F,
    0xFAA92B48, 0x2329AA5E, 0xEAAAA746, 0xEA892A48, 0xEA8B4646, 0xA29D4640, 0x2E916671, 0x97C94277,
    0x33F1F754, 0x37144570, 0x4FFD4775, 0xFB894755, 0x3337C950, 0x43995E4D, 0x4B195D47, 0x4B146D47,
    0x4B57E54A, 0xD338614A, 0x4B16ED46, 0x46DCE26A, 0xEBB6E84A, 0x2BD1D84C, 0x2B9AFA59, 0x2BD9EC5B,
    0x42A0C346, 0x8ED9E479, 0xA330665E, 0x2A34EA47, 0xE2D42447, 0xD732D378, 0xA7F96875, 0x9FB7F778,
    0x8B17675A, 0xF377DB60, 0x2BF7F057, 0xCEB75268, 0xF6D75F68, 0xD3166357, 0x973C5278, 0xB3B76E5E,
    0xD27AE748, 0xF377F35C, 0x965A5268, 0x36AA5F68, 0xEA180143, 0xFED00077, 0x2EEA4079, 0x2A91F447,
    0x2BEA4464, 0x2A94D047, 0x32745247, 0x2BF3475D, 0xAF945E75, 0x333CD55B, 0x3BD6E84B, 0x3BD7584F,
    0x3B1AE157, 0xBB396E55, 0x3B395F54, 0x47D95C74, 0x8BBA5B51, 0x933A564E, 0x43D8604E, 0x8B108152,
    0xEE2F5E6C, 0x8EB75F6F, 0xB2B02444, 0x26F75B6C, 0xFBB27064, 0xEF96DF74, 0x9B537659, 0xF2B1FB47,
    0x93735B5B, 0x2BDA635F, 0xABBAF261, 0xCE1CDF6B, 0xEB18C95D, 0xEF19EF76, 0x4737DF78, 0x33F5E04C,
    0xFB337B61, 0x2B7DF256, 0xFBBE4862, 0xD23D7745, 0x8AF75F40, 0xB6ABDE74, 0x32E9A347, 0x3E7C4A6E,
    0x43357655, 0x33DC524E, 0x8B144D49, 0x4355634F, 0x8B1B6D4E, 0x57156E78, 0x4F14ED75, 0x03FBE64C,
    0x83F86C47, 0x4396D246, 0x3F785D70, 0xEB58DB61, 0x9F5DE377, 0xFA387E49, 0x9B2B7A5B, 0xAA575F40,
    0xBED9E676, 0xE69F2673, 0xB2DFFF48, 0xEBBFCC5A, 0xF2332647, 0x9A9C2747, 0xD2762647, 0xBBFDEF63,
    0xA25D7348, 0x9B33625E, 0xFF95D675, 0xB7D5EE78, 0x8B7D6E5E, 0xD2337B48, 0x8FF37674, 0x9B33F65E,
    0xFAFAD647, 0x3772DA78, 0x8B38014A, 0xE3C0424A, 0xDE99C277, 0x22B12447, 0x2EF7C36A, 0x9B356B63,
    0x2BD1E861, 0xDA117748, 0xA757F374, 0x3AD36348, 0xEB142549, 0xFB77DA4B, 0xFB77E64C, 0xB354F34D,
    0xD7386E72, 0xE3D9564F, 0x463C6169, 0x8BF4E747, 0x8BF76749, 0x534A6B4A, 0x8A7D7543, 0x8A375E40,
    0x3630E670, 0xD2B37C47, 0x9A9FFB48, 0x8A5EA746, 0xFABEA449, 0x8F3F4671, 0xB7F86375, 0x9B9FC662,
    0xE3BFE361, 0x923ED247, 0x4ADF4747, 0x9B7BCA4B, 0xEAF8FB47, 0x2B1B4548, 0x22522747, 0xD3E92A61,
    0x9ABF2747, 0xFB50AF64, 0xC2544740, 0x9EB37773, 0x26D0206E, 0x33A8A459, 0x3BD1244A, 0x9E514E69,
    0x3A94CF47, 0xF371FE4B, 0x57B5EF73, 0x4B5C6D49, 0x4359E948, 0x4336D149, 0xD7FA7372, 0xD6776669,
    0xD7D8E271, 0xEBB1C04A, 0xEF747679, 0xE3B2F451, 0x2BDCE851, 0x42CC0045, 0x2ED96075, 0xDE6BDF66,
    0x2ABDC747, 0xFBFA535A, 0x9B71D352, 0x3BB4774F, 0x2B7FD252, 0xD3F35261, 0xDB47EB9A, 0xC84FD648,
    0xE5D36A9C, 0xF35A5E60, 0xDBDDAC5E, 0x9A575E40, 0xE2334247, 0x92545E87, 0xC46B4A48, 0x92544E87,
    0xEA2AFB47, 0x8A10B144, 0xF2D00040, 0xE6AA8075, 0xFE7D2659, 0x339DC456, 0xCBBA4863, 0xB487B548,
    0xD7B1769D, 0xA8693847, 0x33D62760, 0x8BBC5750, 0x3B36EA4C, 0xEF39DE74, 0x473AEA77, 0x3B15D951,
    0xEB5FEA4E, 0x9BDACF4C, 0xEBF4D848, 0x4696735C, 0x9AA02F47, 0xA6374262, 0xFE50E670, 0xE2A93446,
    0x97F27674, 0x9BD2775C, 0xB2FE2649, 0xBBB64B5F, 0xA7746F74, 0xFAA96E49, 0x33BBC860, 0xF3B5245D,
    0xFB58575F, 0x93FAE44D, 0xB3B8E34E, 0xEBB8D64E, 0x2BDACC54, 0xA7FE6376, 0xCA787B49, 0x333EEE5A,
    0x8A7D4245, 0xCA375E40, 0xFE4FDF75, 0x328EB448, 0x3BD64652, 0x3BF12759, 0xEF9FF66E, 0xBBB85351,
    0x4FDD3A76, 0xFB34254F, 0xEF38E26B, 0x53F9624A, 0x432E5D4C, 0x4FB75F71, 0x8BF7E74B, 0x2BF9E64A,
    0xEBBDC457, 0xD3B1B862, 0x2FDAA477, 0xA3E0AB60, 0x9EB7DF6A, 0xFE90DF74, 0x9F692A79, 0xB3BF3C57,
    0x9BFDFF5C, 0xFBBB4C64, 0xE292CA46, 0x2B3D5660, 0xB2387247, 0x93DDCB5F, 0x3392E760, 0xA3B2AB61,
    0xFBBB485B, 0x9BB5D462, 0xF39DD660, 0x8A785A47, 0x8B73765D, 0x9A555747, 0x3B09EF5E, 0x4A180146,
    0xA318634A, 0xCE903379, 0x32A9CC46, 0xB3DFF067, 0x2B91575D, 0x8A495647, 0xFABBA446, 0xB2DFA646,
    0x3A514A47, 0x42955B47, 0x9A3E7A48, 0x4F91D776, 0xFBFB7F4F, 0xF3FFC44A, 0x47BFC773, 0x4B715649,
    0x4B38FF4A, 0xDBFBE34A, 0x5B6BFA47, 0x8A300241, 0xEE374258, 0x2EE94074, 0x9BB17064, 0xB751FF74,
    0xD2F62747, 0x334BDAE3, 0xF3D35F60, 0x2A9B6649, 0xDB7C5E5D, 0x9BBDD360, 0xD67CD265, 0x3B716A61,
    0xFBDAF24E, 0xA7F9EC6E, 0x2AF3D347, 0x8FBE5F75, 0x9BB76762, 0x8FB75875, 0xBA5D2F47, 0xBADD4640,
    0xC67FC771, 0xFA89C345, 0x2AE9A046, 0xFBDAC452, 0x43F4A750, 0x43F4C34E, 0x3AB4C747, 0xCA1A6548,
    0x9BF8E347, 0x53F85749, 0x4F59EE73, 0xEBF95F4A, 0x9BD95E47, 0x4BF9DF4A, 0xEBB5C44C, 0xF73A7275,
    0x9BB47F5F, 0xEABD7E49, 0xC23D7644, 0xEA575F40, 0x8EF0DE6F, 0xEA71F647, 0x33D1F65D, 0x8BB7505B,
    0xFAB14F47, 0x93F44F60, 0x2FD4FC75, 0xE339E3A0, 0xB4815248, 0xE5A55B9C, 0x9A3A6748, 0xD7F00379,
    0xE6D96277, 0x9FB9E376, 0x9ACABE45, 0xEAEA7E48, 0x8AD55B47, 0x42CAA446, 0xD2E04344, 0xD6908377,
    0x2F8DDE76, 0x228CCF47, 0x23A9A063, 0xCB7FCF62, 0x2ADD7049, 0x9E5D5357, 0x9BF1D25E, 0xEFF52474,
    0xFABED748, 0xEBD6D64A, 0x47F9EB76, 0x9BB4DB4C, 0xFB34EE4B, 0xB7B47374, 0x5378E247, 0xD35B6D45,
    0x8FB55770, 0xA3A07F47, 0xE7F8E376, 0xB6B0BF68, 0x2BCD2446, 0x93D1D25D, 0xF3F47F61, 0xA3D54A5F,
    0x9295D747, 0x93327A60, 0x2AD22747, 0xD2576248, 0x2B7CE75E, 0xABDACA60, 0x2A51D647, 0x9A5A3648,
    0xBAB67449, 0xB3D9D361, 0x8A9ACA47, 0xB23E6F49, 0x47ABB474, 0xEA774340, 0xB6774272, 0x2EEFC46F,
    0x22734E47, 0xFB6AF65D, 0x2B732660, 0xA209CB46, 0x9AA9CB46, 0xE3B8F85B, 0x3F16756E, 0x43BDD74A,
    0xBF9BCF72, 0xE30A254E, 0x4332494E, 0xFA32CA46, 0x2BEFCC4A, 0x9773CF74, 0x9AD33E47, 0xEAB27B47,
    0xCA30AE47, 0xAA5DF642, 0xB6BDFF70, 0xBA69BE45, 0x9BAA6862, 0xA749C771, 0x9B3B765F, 0xD25FC747,
    0xCB49AB63, 0x8ABFD048, 0xEA714A47, 0x935E735E, 0x2BD1CA63, 0x9B33AA5D, 0x2AB5C647, 0xB269AA47,
    0xEBBF4B60, 0xCAA9C846, 0x8BBE6F5C, 0xEF29FE71, 0xEABD4345, 0xEA3D4640, 0x2E894E71, 0x221FA249,
    0xF7DF5872, 0xDBD3A44E, 0x8B3FCE50, 0x2FB6DB6F, 0xA33D4A50, 0x8BDA644F, 0x37F4E074, 0x3BB67F5A,
    0xD3D6504D, 0xCBF9D351, 0xB6864789, 0xA8655949, 0x331B6E53, 0xD51FD397, 0xABDBD84E, 0x3BCA6C50,
    0xA27DF643, 0xEA71F640, 0xB2494F40, 0xFED6C468, 0xE3DFD04D, 0x32F9DC48, 0x9BF2DC4D, 0xFBBA7355,
    0xD3966E55, 0x3BD86453, 0xFBDC5C4E, 0x3F946E71, 0xEBB76657, 0x37FF5F74, 0xFBDBC44D, 0x8BBED758,
    0xFBDCC84E, 0x33185157, 0x8BDAD852, 0x8AFD7446, 0xDA775240, 0xDABD5E41, 0x2A90A045, 0xFADFA746,
    0x3BC97C4C, 0x4229AA49, 0x332A5250, 0x32FF2447, 0x3FB16771, 0xD387728D, 0x8C63C846, 0x947DF388,
    0xB2297E47, 0xFBC9A851, 0x33BFC750, 0xEAB1A646, 0x33FE7C4E, 0xEA7B4A47, 0xEAEA7848, 0xA29D4242,
    0xA29D4640, 0xFEC9C36F, 0x86D3B45A, 0xE7B27F6E, 0xCAD17F4A, 0x3F28A66B, 0xF3B1A759, 0xFB71DA51,
    0xFF73F66F, 0xF67C3659, 0xFBECD355, 0xE72CB66A, 0xF34C3755, 0xD3ECB654, 0x8B31A64A, 0xD5B3D38A,
    0xA0333649, 0xD7B3EF8A, 0xD3EBF34C, 0xD2FD4342, 0xD2715E40, 0x362FCF72, 0x2A13AA4A, 0x32B1D747,
    0xF7395A6B, 0xAA79674B, 0xDBA97A5B, 0x9BDFA054, 0x32F84C49, 0xB2B54F48, 0xDE4CB75A, 0xD67A475C,
    0x936DB251, 0xFE137759, 0xEEB3A45D, 0xD63B2258, 0xB3B1A758, 0x3A69DA4A, 0x8A3CFE4B, 0xE7E82472,
    0x32733248, 0x1EAAAC6D, 0x2ADA4045, 0xD3AE446B, 0x9EDD7C72, 0xFABF7C44, 0x323DC342, 0x4E7DCA6F,
    0x92BD6641, 0xF2FE4F40, 0x8EBF4E73, 0xB6D75F6F, 0xEB386547, 0x43706247, 0xE2AD3049, 0xFBACF057,
    0x9BEE7759, 0xEBBAB065, 0xCBCCB659, 0x9A9FB74A, 0x43695A58, 0xFBAD3349, 0xEBED334B, 0xEB0D3147,
    0x8B4D3348, 0x4B0D3147, 0x8E71EA5A, 0xEBD47E46, 0xD3FAD746, 0x8BFD5B46, 0x8BCBFE45, 0xFA7D4241,
    0xBA375F40, 0x26AFA470, 0x8FA92072, 0xFB27EA65, 0xE2292E4A, 0x2BCFB462, 0xEA93CE46, 0x2A8FB848,
    0x3ADFA446, 0xD3AA7C58, 0x37E9F778, 0xFAF52B47, 0xB3CA2450, 0x2A5F2746, 0xEBF22B55, 0xEB33D659,
    0x8BAA6B61, 0xE3A93C5C, 0x92C9FC46, 0xFA932A47, 0x2F5DCB73, 0x97D3F878, 0xFB92CA5C, 0x42EE4B47,
    0x8A20C142, 0xCAF56D80, 0xC42B4F40, 0xB8167680, 0xCB7AA623, 0x8BAA7C5A, 0x9AAA2748, 0x8BB24F64,
    0x2BC9D062, 0xD2925B47, 0x3B3C5D63, 0xFAF14B47, 0x8A9F4F47, 0x3A1BF547, 0xBB7FC64C, 0x3B116150,
    0xFB9B7F4D, 0x435C454A, 0xFAFB4B47, 0xEFB8E36C, 0x8B502D49, 0xEAF03240, 0xA6AFE771, 0x2BD02447,
    0xBBB1FC65, 0xAFD96A75, 0xEAB97649, 0x9AF2C747, 0xDB9D665D, 0x9B9C565C, 0xDBB9525F, 0xDBB67660,
    0xCB58EB62, 0xEBEB2B65, 0xB251C740, 0xC6BF6672, 0x56F02774, 0x3B144550, 0x3E5A7169, 0xD3FDF047,
    0xE31DAD48, 0xA2575F40, 0x36EAE772, 0x26AFA460, 0xF3892864, 0x2AE9FF46, 0x2A9D7047, 0xA3B3CC5A,
    0xDF7D7676, 0x42EAFF47, 0xEFF2C86D, 0x3B3D564A, 0x4798CF77, 0xCA308345, 0xD6975F6E, 0x9630E371,
    0xEAA93047, 0xF7F94C79, 0x2BDDD852, 0x3279E348, 0x3B1BE94F, 0x93796254, 0x3373F759, 0xB2F62447,
    0x3336EA51, 0xC6537A59, 0xAB747F5C, 0xD3F3505A, 0x93D8684E, 0xEB74DA5C, 0x3B166D51, 0x9B556A5A,
    0xDA155748, 0xC318E35E, 0xFEBC5E58, 0x3ADD6849, 0xEE18014C, 0x9B303249, 0x36F06079, 0x3EB86360,
    0xF7004179, 0xEEF7C377, 0x2AC9B445, 0xFB93B366, 0x9BF67761, 0x8B71725D, 0x9BB6DC5C, 0xE379F75E,
    0xEBD16061, 0xA331FE51, 0x93F4784D, 0x433A6651, 0x3B79D651, 0x3B17E153, 0xDF36EE76, 0xEBFB5C55,
    0x43FE484D, 0x3B39D54E, 0xEB8AEA4E, 0xEAB88243, 0x8ED05E71, 0x36AD5F6E, 0xB26C7E49, 0xF7B1F474,
    0xF3BD485A, 0xE27DB348, 0xF63E4E5C, 0x8B38DB5D, 0xEB7CD25C, 0xFBBCC65F, 0xA3D86361, 0x3AD4D447,
    0xAB77664D, 0xB7D9E277, 0x3FF6EB74, 0xA39E4A5C, 0x8FFAE376, 0xD7F15799, 0xAC65B546, 0x301FC683,
    0x8A175F40, 0x2E80E675, 0xB27FFA4B, 0x36DD365C, 0x92BB244A, 0x2BDD5657, 0xFAD34B47, 0x333ED25E,
    0x93BBD655, 0x33B9CA5D, 0xEEB8605E, 0x43FB6057, 0x5335D54D, 0xEB786E4C, 0x3315ED46, 0x8ABE6F49,
    0xEBD5D452, 0x9F98EE75, 0x8BB0AF54, 0xFA575E40, 0xEE97DE73, 0x22A83444, 0x9ABCB848, 0xE2AEFF49,
    0xFF93E675, 0x8BF5FB5C, 0xFF966B78, 0xFAF7D749, 0xEF57DB72, 0xA3577352, 0x8F97E675, 0x8FFCE273,
    0xBFDA6279, 0xEB7C5259, 0xDB6EF25A, 0xDB58725D, 0xE3595F60, 0x82EB7449, 0xA63DF978, 0x8A396643,
    0x376DAE71, 0x2A8EA64A, 0x33B7CF5C, 0xD2FF2647, 0xEBDDCC5C, 0x33F1D85A, 0x3BDFCC4F, 0x87135176,
    0xB7F8EB75, 0xFE37DA5F, 0x8B396E4A, 0xB39CEA4A, 0x9F3AFA70, 0x47354E6C, 0xF716D36A, 0x977BD66E,
    0x4B795E4A, 0x8B30AD4D, 0x4A347642, 0x8EDFDF78, 0xEAC94047, 0x3BDD444D, 0xEF974776, 0x373D4671,
    0x8BB66352, 0x46FECF69, 0x9BFA644D, 0x9F555773, 0xEBD8E251, 0xBF3A7275, 0x9BFB624C, 0x8FF8EE77,
    0xE3B9E24E, 0x37794676, 0x8FBCC770, 0xD3D1FC51, 0x53C9CC51, 0xEABD7744, 0xEAF15E40, 0x36207E72,
    0x3AB0A849, 0xFBEF2761, 0x93B0FB58, 0xFB892B4F, 0x426A4E47, 0xFAE92849, 0xFBDF4C4C, 0xEB717E4F,
    0x43887F55, 0xFB172554, 0xB3F17B49, 0xFADB4E47, 0x43FF4749, 0x3BD2C653, 0xEA71A646, 0xEA73A646,
    0xE26C2D47, 0xEAF74240, 0xBE37C275, 0x2EE9B470, 0xF7527F75, 0x2AFF6849, 0x37BBF36E, 0xFF73EE76,
    0xE632F65A, 0xFB737654, 0xEF53366E, 0x378CEE71, 0xEF4CB76F, 0xEB14F559, 0xFF346A74, 0xF3F6D64C,
    0x8AF3C447, 0x9BECB854, 0x33ECB854, 0x47F1246F, 0xEAB08346, 0xA6564F6D, 0xB7D0E274, 0x32A9B046,
    0x33363661, 0x9BF1305C, 0x43E9A859, 0xFBDAC850, 0x8FBC576E, 0x3FBDD771, 0x97D74F6E, 0x8BFDD752,
    0xEAFD7049, 0x8BB46747, 0x4FB96375, 0x9BEDEF46, 0x8BD1B35E, 0xD6FDB35D, 0xD3EC375E, 0xFADD4346,
    0xB05AD782, 0x8459EB42, 0xC876FE81, 0x9AC93843, 0xEAB46F49, 0x9F3DF671, 0xA7F3DB74, 0x9B3ACE56,
    0xD3F96360, 0xFBDD775F, 0xD2514E47, 0xA0654049, 0x82FED289, 0xA4634249, 0xEF9E266F, 0x83724A52,
    0xEFFBFB6B, 0xAF15CD74, 0x837E5E4F, 0xD7302E71, 0xBA9D7642, 0xEE5DF76E, 0x32B3C046, 0x9A503E47,
    0x33C97E50, 0x3BC9284D, 0x4709AA76, 0x3F8ACB70, 0xD2AA2747, 0x425F7D48, 0x3F6AC96B, 0x426AC547,
    0x8A5FCB47, 0x43516F51, 0x4BD1FE4E, 0x439EFE4D, 0x87F1EF75, 0x8775FE76, 0xFF9AEF76, 0x9A5DC144,
    0xFAB75E40, 0x2E705E72, 0xA29FBE47, 0x8B2A7E5E, 0xEAF22B48, 0xF3BDCB60, 0xAAB3A847, 0xA3754A5D,
    0x9FFBE378, 0x37937676, 0xBBDDEE5F, 0x9BB54C5C, 0x9FEAD778, 0xE2556F47, 0x8FF3F778, 0xF7956E76,
    0xD25EA646, 0x9ABD6F47, 0xFAF02A47, 0xA2D75E40, 0xA679DF75, 0x2B89BC5D, 0x27DDF673, 0xEAA92849,
    0xA25DA646, 0x8B2AC658, 0x8A5BFF47, 0xD229AA47, 0xFA384A47, 0x8B386E5D, 0xB3716E5E, 0x9A18FD47,
    0xEFF8EC70, 0x8BFFC74C, 0x33136D4F, 0xFB77465D, 0x9BB1CF59, 0xE369FA5D, 0xDAD0AF46, 0xA67DFF76,
    0xEA3DF344, 0xB2514247, 0xEAB16648, 0xFF397E6F, 0xFA967649, 0xE331C65B, 0xDAD6CB49, 0xB7D85270,
    0xD677D365, 0xA6F75F65, 0xAAD9E84B, 0xA71A676F, 0xBA3BEB4B, 0xCEDADC65, 0xE357E758, 0x961AEF65,
    0xA31C6B58, 0x4380FF59, 0xAA3DC142, 0xBE5FFE76, 0x3330FE47, 0x32A86848, 0xFBC9785F, 0x9BC7785B,
    0x3AB7FC4B, 0x3B79F659, 0x9BE8275A, 0x8FDF446B, 0x33A9C456, 0xBA5FF64B, 0x2AC8274C, 0x8B7DCA55,
    0x327D224A, 0x93D8545C, 0x8B703E56, 0xEBD16C5D, 0xAB6AA596, 0x541FE942, 0x8E09AA80, 0xAEB1C770,
    0x2AD02442, 0xA2B1274A, 0x2FDDE86E, 0xD27FDE49, 0xFBB3745C, 0xF35D4661, 0xE31FC762, 0xB2B1FF49,
    0x8BBD5064, 0x8B70565D, 0xF3B1745D, 0x8BFA5362, 0x2A5F6A4A, 0xFA31FA49, 0xBB6576A3, 0x6C83D249,
    0xBD8566A2, 0xB3AB7464, 0xCAD17643, 0xC6F8626E, 0xD2C93C46, 0x33BDCF51, 0x8A08CD46, 0x42D37847,
    0x42D3F447, 0x43E9AB51, 0x42E9D046, 0x42F37847, 0x3B73764A, 0xFBF33C47, 0x3B132949, 0x43FB4849,
    0x9F73F673, 0x9B0AC947, 0x3B9EA74A, 0x3B9D634C, 0x9B0B4D49, 0xFEFD776B, 0xB2344740, 0x32CC4640,
    0xEABFCC47, 0xD7317E71, 0x9B33F65A, 0x2EB45758, 0x8BB9EB61, 0xA2B7DB48, 0xC6FBE659, 0x8F9A6674,
    0xBB99D760, 0xBECE7E59, 0x92FD4342, 0x8AF75F40, 0xAEACAC74, 0xFA947649, 0xE354A760, 0xA7FD4E74,
    0xBEC04257, 0xBE39E775, 0xB3F0DF61, 0x2A4EB24B, 0x3AC82849, 0x43CD2658, 0x33F15056, 0x431DF247,
    0x9FF8D775, 0x43B8624D, 0xB77BD675, 0x9BF9E24B, 0xF318D14D, 0xBA56D647, 0x3FF8EA70, 0x4337654C,
    0xE7902B76, 0xCA2F6340, 0xFEB75F69, 0x8E37E674, 0xD379664A, 0xA377DE49, 0x36E9C377, 0xFB6EB65F,
    0xA7554E6F, 0x92F6FF49, 0xA2B33848, 0xEED76A5E, 0x93F37762, 0xFA5B4748, 0xBB1BD762, 0x96ED7360,
    0x2E59D35F, 0xBBD6E261, 0x9ECD3B61, 0xFE5FDF5F, 0xBA500247, 0xA2F4C741, 0xF6D3766F, 0xAADDF842,
    0xAB5DFF59, 0xEA9D7F42, 0x26A83869, 0x9B29FE5D, 0x2BFFCF65, 0xF7D16A70, 0x8ACEB447, 0xA2FF7C49,
    0x3B56EA4A, 0x9B784A55, 0xF2ADD247, 0xEEEEF35F, 0xCFF95870, 0xB3EE6C4E, 0xE3CD5B4F, 0xF35CBB4C,
    0xEB6E724C, 0x97D65A70, 0xB33F3A4E, 0xD2BD4346, 0xFA1D4540, 0xC66BCE6F, 0xD2AABB48, 0x8A2D7E4A,
    0x3F0DBA74, 0x3735C66E, 0x9A4CD249, 0xA6CDB85E, 0xF3D3F454, 0xEB093953, 0x8AFA344A, 0x3AB9684B,
    0x9AFDCB47, 0x8AFE6F49, 0x3BD65F4F, 0xB6ABC359, 0xA6DE746E, 0xDA72F644, 0xE718EF6F, 0xD613F76E,
    0x42DD4B43, 0x3A2D2E44, 0x2A94F449, 0x3751FF6E, 0x3355DA5D, 0xF3FA245D, 0xEAD16049, 0x3B7FFE50,
    0xAB55D24D, 0xB3937A4E, 0x3B1DE151, 0xB293FA48, 0xFFC9EA70, 0xEAD4E748, 0x3E365A5F, 0xCF33266F,
    0x7CD2F607, 0xDB9E5B4E, 0xFB8B424B, 0xFABD4740, 0xF659DD72, 0xEA093547, 0x533FC647, 0x4BF25B4D,
    0x9B31FD4B, 0x52F86248, 0x53B66A4A, 0xF3D8E247, 0x4BF6EA4A, 0xFBD6EB4B, 0xBF5D638D, 0x742B3948,
    0xBFA8E58D, 0xE337E64A, 0xCBDF674C, 0xCA5DC344, 0xD2115F40, 0xD698DB6F, 0xE27E4B40, 0xDE58E76F,
    0xF777636F, 0x22D0B046, 0xFAB4344B, 0x9BCC7C66, 0x2BCEF461, 0xFEEC3B5C, 0x2EF1B35E, 0x33ADB855,
    0x36AEA05A, 0x96CC3659, 0xAF122597, 0x5C5B3949, 0xADFD239A, 0xAE0E335E, 0x33A9B053, 0x2ACE264D,
    0xB3AC2059, 0x33B03C58, 0xD2FDF445, 0x8E3DFE6F, 0x2AEE7445, 0x2B91C04C, 0xEEEBAA6C, 0xBB3AF657,
    0xD3DDF45E, 0x9230CE40, 0x329D5E43, 0x42303D41, 0x92314540, 0xD6714673, 0x9AB14E40, 0x9AB96341,
    0xA6D8E778, 0x3F2F666F, 0x6ADF9507, 0x2B683257, 0x8FF0276C, 0x36DCA359, 0xF6682661, 0x33E9305D,
    0x3AADFF4B, 0x8BFFD84D, 0xEEA9335F, 0x4229F54A, 0xFFBA4B6B, 0x422D7D49, 0x5B3FFE47, 0x525D4244,
    0x5A51C740, 0x56B7C376, 0xFA914740, 0x8EF1CF71, 0x9A575F41, 0xC79D2529, 0x1ACE204D, 0x8BB62469,
    0xD289B046, 0xA6AC2860, 0x3229F24A, 0xEEB23852, 0x8E33EA51, 0xEA71FF47, 0xA6AC4B60, 0xEE97DA52,
    0xE3AEF458, 0x2B733259, 0x3636EA51, 0xBAB5B847, 0xB6384F53, 0xFAB7DB47, 0xBEAC5760, 0x9E7A4E52,
    0xFF5BBB75, 0x8E395252, 0x8FF7DB78, 0x368C6F60, 0xFBC0AE4B, 0xFA2C4242, 0xFA0F0140, 0x82A9B045,
    0xEF883875, 0xD2AAB049, 0xF293FC47, 0x96B2C454, 0xA3BAF065, 0xBFFB6275, 0xD25B4E48, 0xEF5B6375,
    0xBBE9CB61, 0xD376C64A, 0xF37B564A, 0xFF7AD676, 0xB79B6777, 0x9BF8574C, 0x9F796A76, 0xFFEEDF76,
    0xEAE03345, 0xBB70E24A, 0x36CD6775, 0xFAB3B048, 0xE27CCE47, 0xA69C5A57, 0xFA517E49, 0x8ADF5C48,
    0xB2B76448, 0x9A54FF49, 0xD6294755, 0x9A546F49, 0x4A9C4748, 0x8BDD674B, 0xEB77CE49, 0xC93A7EA0,
    0xB483AF47, 0x56DAF288, 0xEA76C647, 0x96AEE656, 0xA2F03345, 0xA2D44640, 0xFEECC371, 0x9A5FC647,
    0x2BDF4C66, 0x22B37F48, 0xD358CF60, 0xD3BFA463, 0xE3B2C462, 0xBF386275, 0xCB3E565F, 0xA2FCE348,
    0xFA1D6949, 0x8BFECF4B, 0x97B85775, 0xEEBFD85A, 0xEBBFCC53, 0x2BDFCC50, 0x2BD5C451, 0x46D20050,
    0xEEB08077, 0xD631C27A, 0xB2A93347, 0x8BF87059, 0x9315D94D, 0xEBF94855, 0x3A14D947, 0x93D1E454,
    0xEBDE6A5F, 0x33FACC55, 0xAB79625B, 0xF2165F48, 0xABD47359, 0x97385278, 0xABB7665D, 0x3378E35C,
    0x9359E255, 0xEBCB775B, 0xEAF20041, 0xCC254040, 0xEA072080, 0x9E6B4275, 0x603F9186, 0x327DF64A,
    0x2BCD6464, 0x9BBCB052, 0xAAFE2747, 0xCA747B48, 0xD2D65248, 0xFB35765D, 0xABD45A60, 0xEFD8EC76,
    0x8B7FD64E, 0xF33A4A4F, 0x33F65750, 0xFB3AF24E, 0x3BF96A54, 0x3B1BE951, 0x9F602E79, 0xABCD4250,
    0x3E30026E, 0xFAA93046, 0xDF4DC674, 0xFBB67C5A, 0x2BBD4F5B, 0xE33F565C, 0x9BB9465C, 0x9B96D25A,
    0xFB966A5E, 0xFB8C5E60, 0xFB4C3760, 0xEBF4E855, 0x479B6F76, 0xEBF7634F, 0x2BD37C4F, 0xA6D1735C,
    0xEA176748, 0xF73F7E75, 0x8AD08345, 0xA6F75F75, 0x2A88B446, 0x78964F89, 0xB097BB4B, 0x76BF1789,
    0x8A9D3749, 0x8BB2F45A, 0xEADE2647, 0xB3B64B5E, 0xE3555E5A, 0xF739E376, 0xD571F68A, 0xAC31BC47,
    0x78694788, 0x93F5634D, 0x9BB1644C, 0x2BFF6C5A, 0x33FA6E62, 0xEB4A6F61, 0x2ABD4344, 0x9A975E40,
    0xC6EABF71, 0xEA76BA47, 0xFF977879, 0x9B76DA57, 0xA331EF5E, 0x9AB3EF47, 0xA37AA65D, 0xB3F5DB61,
    0xFF376378, 0x9BD9E361, 0xFF393B78, 0x7C96DA87, 0xFFD65E78, 0xD917E7A1, 0xB338E25E, 0x7EDCD287,
    0xB87D3F48, 0xD548719F, 0xD2B08342, 0xCE505F60, 0xAA049607, 0xFAF42747, 0xEB71F65E, 0x2BDA4662,
    0xFAB42747, 0xEBB2E360, 0x43FBD75F, 0xBB14F148, 0xE33CEF4C, 0xCB5C524D, 0xC379EB4E, 0xF737E670,
    0xFB97664F, 0x8B3BC54F, 0xE3F5FA4A, 0x9F386173, 0xA34B7149, 0xEA8F3240, 0xEE374271, 0x2E0AC16B,
    0x9EB1C66E, 0x8AB37848, 0x2BF37760, 0x9BB9DF61, 0xFB33EA63, 0xBB73765E, 0xAA555748, 0xD17276A0,
    0xA88DDF47, 0xBCBD5B89, 0xFB586264, 0xB2BD7049, 0x2B9DDA62, 0xCB3A4F65, 0x8AB62449, 0xD2937749,
    0xDB10814D, 0xDE57C35E, 0xCB77DF4B, 0xFA882446, 0x36EAE66E, 0x8A3D7E4A, 0x273CDE72, 0xA3BE4863,
    0xEBB17865, 0xB3B35463, 0x43BF6B52, 0x9B38D64C, 0xEB34E247, 0x43B8F34F, 0xB867CF88, 0xB4375C48,
    0xD167538A, 0xEB9BCE5F, 0xDFB96B77, 0xD3BE5762, 0x3AD00347, 0x33D7DE5E, 0x8BF0DC4C, 0x9277C647,
    0x3BDA5051, 0x36B4D86B, 0x33BE6F60, 0xEBD36259, 0xFAF6E847, 0xA3B7C456, 0x32B86748, 0x2BD95C4E,
    0x937A565D, 0xAEB85C6B, 0xB279DF48, 0xFBB96361, 0xF3F76357, 0xFBFC5F4F, 0xB7F75878, 0x33BDE455,
    0x4A007D44, 0x8EF0807A, 0x2EA84379, 0x9BF3A769, 0xB3F3AB63, 0xEBF2FF64, 0x2BD56068, 0xAA5DFE47,
    0x2A7EFA47, 0x3BDB4854, 0xEB956F55, 0x8FFFC474, 0x92267E87, 0xA85D4947, 0xDB19D792, 0xAB9C4654,
    0xFBDFC751, 0xFA5E2647, 0xABFB6C54, 0xD2A03746, 0xD6B03F71, 0x4697C272, 0xE2A9B846, 0xDFDDCA74,
    0xEBB2E85A, 0xE3BDFC58, 0x8B535658, 0xC2734647, 0xAB9D4E61, 0xA3B9445D, 0xD17A779F, 0xA4714148,
    0xD3DE5DA0, 0xCBD3EB60, 0xBBB47462, 0xF66F3A5E, 0x9ABE3A4B, 0xA794D770, 0x32F07748, 0x82FAF745,
    0xD697E278, 0x8FADE46A, 0xD2E9A249, 0xFFA92376, 0xEBDF5B5F, 0x9B714E58, 0xAFF6FF76, 0x8BF1635D,
    0x9B1D7159, 0x4AFFDF48, 0xEB9F474A, 0x4F15D972, 0xBBB2E34C, 0x2AACB747, 0x6A3D5D87, 0xAC59B847,
    0x2BD95850, 0xDB14FB9A, 0xAAB08045, 0xDA157680, 0xC47D6E40, 0xD61C4A80, 0x32EEA744, 0xCBEAEB60,
    0xB3B74762, 0x93AAC464, 0xD3B2485A, 0xCF75D678, 0x9AFD5747, 0x2AD37847, 0x88517287, 0xE3BDF85C,
    0xBC874447, 0xD9714B9D, 0xAC814447, 0xB7F37778, 0x88BA4687, 0xE793F675, 0xD3F8824A, 0x3EB0E763,
    0xCF3EA1A6, 0xB491CE4B, 0xCFE4A5A2, 0x2BF12B60, 0xEA305A47, 0xE39CCF64, 0xBBAA4B5F, 0xAAB1FC47,
    0xA2DFA646, 0xB731FF76, 0xEB72FA64, 0xAB78EF5C, 0xD311E35E, 0x9B35FE59, 0x8ADE2747, 0xEA29AB47,
    0x9A7E2647, 0xF20C5147, 0xAAB04E40, 0x96377D71, 0xCBB0244A, 0xFA794648, 0xEA5BFF47, 0xAAD3D247,
    0xFB5D4762, 0xDBDE6361, 0xF3B74C5A, 0xDF7A6675, 0xE634EE65, 0xFBB57E62, 0x43FA5464, 0xFBFAD84D,
    0xC75ADA6E, 0x2F53C76F, 0xEF55F775, 0x9BDDF25E, 0x9E9DCA65, 0xA23D2F47, 0xE25D4740, 0xCEB6C76F,
    0x329DC048, 0x2BD36869, 0x229A2747, 0x9BDF4463, 0xFBF2C456, 0xAB7B7A4D, 0xC3BBCB4C, 0x4398EF4E,
    0x3F7C6E76, 0x8F16D172, 0xA337E34D, 0x3B3CEE4A, 0xEB14554E, 0xD3BEC857, 0xEB75EE61, 0xEAB2EE47,
    0x2BCBFE61, 0x9AFDF742, 0xFA314640, 0x8AA94641, 0x9EB17369, 0xEB3DDA5F, 0x2BF1DB5D, 0xB3FFD764,
    0x2B94D85F, 0xEFBAE675, 0x93F9D260, 0x2AD77249, 0xB7BF6B74, 0xFF6AF276, 0xCA3DF642, 0x9EFFFF73,
    0xFEAF776E, 0xFAFE2447, 0x3BF3AB55, 0xBF33FA6D, 0x8B302D4C, 0xEA375E40, 0xA6995E71, 0x9B890050,
    0x23AC3761, 0xA3D37462, 0xFBD6F05F, 0xEE33FE5A, 0xB2F62447, 0xFBD16253, 0xC199DB8E, 0x3BFAFF52,
    0xBF49528F, 0xFF786E78, 0x937C6247, 0xD31EEB88, 0x9B7A5A50, 0xFE71F657, 0x92FED347, 0x661FE885,
    0xDE764673, 0x944B6540, 0xC6167380, 0x3A49B644, 0x7833C586, 0x8BBD5752, 0x52FC2447, 0x5333EE47,
    0xBB29C74A, 0x9F33ED76, 0xFB94A64A, 0x8F38E270, 0xFFB8E374, 0x8F37E672, 0x9F38E176, 0x4B75E24A,
    0x8B14FE4F, 0x8F96D76E, 0x8FBE476D, 0xF3B07E4F, 0xF2FD7442, 0x9E7F776E, 0x8BA9B850, 0x2BDDF452,
    0x2FC96874, 0x3BBC3C51, 0x9FEAFF77, 0xE2BBFB47, 0x9AF2CB46, 0xE7F5EF77, 0xFB156D4F, 0xFB986E4E,
    0xB32AD64C, 0x9B524A4B, 0x8B7DD64A, 0x2A292947, 0xEF33F66D, 0x379EAB75, 0xE3CA245E, 0x33F0AC5F,
    0x8A1D4643, 0x8EB9E76F, 0x3ABF4349, 0xCFDFFC70, 0xB2FFD048, 0xB3692A55, 0x337AFE4F, 0xF2D1A646,
    0x3BD3A84F, 0x5A1FD147, 0x4355FA48, 0x42517948, 0xD3E92A5D, 0x9FBFFF78, 0xD7FFC673, 0x9AAAAC48,
    0x26C9C06F, 0xFB692A5E, 0xB3903C62, 0xEE3FAF72, 0x2AB14B42, 0x22C9EA43, 0xFEB1CB6C, 0x22D1CF47,
    0xEB5CD262, 0x2B97E45D, 0x8BBD5864, 0x93B6C45C, 0x37BEFF72, 0x9F7ACB78, 0xA3FB635B, 0x3A3A7249,
    0x9BDAD85A, 0x3BDC5451, 0x23D2545D, 0x9AF2274C, 0x9BD3D060, 0x8788EA71, 0xEFABA872, 0xE69DF673,
    0xABFD7757, 0x8A684244, 0xBA34DE49, 0xD6D8FE69, 0x83F8D758, 0xD3F6D650, 0x3739D26A, 0x8F38EA71,
    0x3B562754, 0xA3BE474D, 0x8B9C464F, 0xA796EF76, 0xA7585F74, 0xE7976778, 0xFBBD704F, 0x2F9FA072,
    0x8AD45049, 0x3349A35B, 0x8ABD7746, 0x36FDFC76, 0xFBC9C04D, 0xD3D37C50, 0xC9DDA399, 0x904DCA49,
    0xD147FA97, 0x33F8D45A, 0x3BD56050, 0xFBFFA456, 0xA2F4FB48, 0xD67FD264, 0x8B357A4C, 0x9211F948,
    0x427C2647, 0x9B38FA4D, 0xFB9CC45A, 0x32B2274B, 0x8F59FB71, 0x8BABC353, 0x8EFB7474, 0x3AD8CC44,
    0xEB2CCE52, 0xE2D4F64A, 0x703AC70A, 0x9B7E5B52, 0xBFBD4B72, 0xA3F6C453, 0x9356EF52, 0xD334A54D,
    0xFF9CE377, 0xFB97EF47, 0x53FCEF48, 0x8BF7E347, 0xE3F7674A, 0x2AEFE847, 0xFA7A324A, 0x3B2EA35C,
    0x9E28A65A, 0x9ECB2867, 0x3E1F7D73, 0x3B577F54, 0x82A8C046, 0x8EAFF759, 0x3789B26B, 0x32ADC04C,
    0x9BE8A760, 0xEE293368, 0xD2AD424D, 0x9BA82657, 0xE6B4FB59, 0xFE2C5A5E, 0x92AD2249, 0xA2D1B34A,
    0xA27FA249, 0xA7ADFC6F, 0xB6894359, 0x9EDC205B, 0x3AB0A047, 0x3ADDAC44, 0x8A34C643, 0xBAD17645,
    0x96BFCC71, 0x32735F44, 0x92BDAC43, 0x32FF7744, 0x8ABDFC44, 0x32DD4F45, 0xB63D766F, 0x9AD75F43,
    0xF6B7DE73, 0x469D4379, 0x433D7547, 0x4EFF7670, 0x3A30EA40, 0xFAACB447, 0x2289434C, 0x36B09C5B,
    0xD22CBA48, 0x22A84047, 0x9BCCB461, 0xB3C97464, 0xE3CDCC54, 0xEFED336C, 0x32893349, 0xD2F12449,
    0x3B316A5A, 0x423FD248, 0x9BDF2054, 0x9AF3C447, 0x9BF3B455, 0xB22CD248, 0xD33F4751, 0xFF397771,
    0x27B3DC6A, 0xFFBDF475, 0x8B697660, 0x3395C459, 0xEEB0004E, 0x323D7641, 0xF392F65F, 0x9A2E2747,
    0x2A722646, 0x2BD16869, 0x9229A246, 0x2BCA745C, 0xEA586B47, 0x8A7EA646, 0xEADD6E47, 0xBA9B5B47,
    0xEA2AA646, 0x9AF55747, 0xF252CA46, 0x9FDD5679, 0x9BF5CF5F, 0x3733F775, 0xEBBBD462, 0x42EBA746,
    0x381D7400, 0xAE90827A, 0x3628AE63, 0xB3897764, 0x2A7D2447, 0xEA91A746, 0xEA69AA47, 0x2B90FC61,
    0x36697662, 0xEBC9AB60, 0xEBFD7762, 0x373D2674, 0x8B5ADF5F, 0x97D12874, 0x2B9FA45D, 0x9B3ACE5B,
    0x323F4E47, 0xEB34D25E, 0x337B7260, 0xBB0B3150, 0xFA994340, 0xA337DE48, 0xB2B6A446, 0x9BFE5F62,
    0x8B51DB5E, 0xE3B37864, 0xAA596A49, 0xBBD6D25C, 0xE3FA725F, 0xB356EA5D, 0xF2376648, 0x93D9EB63,
    0xEFF8D86E, 0xE7396A71, 0x2F13DD72, 0x9637C687, 0x9C87CD48, 0xD59AE7A1, 0x8B945763, 0xEADDAF47,
    0xEADD4640, 0xFE39E672, 0x32903C49, 0x33B1535F, 0x3BD2244F, 0xEF356A6E, 0x8F1E4975, 0xFBF3F84B,
    0x4B195D50, 0x437C5E47, 0xE33AED49, 0xEF18D56F, 0xEBB76749, 0xEB186147, 0x3BB96749, 0x2BBB475B,
    0xEF73F676, 0xF6B3FA67, 0xF24BF647, 0xA2975E40, 0xA3B7DC54, 0x8EE9C373, 0x93FDD25D, 0xDABDF648,
    0xE3554759, 0xDA56EA48, 0x9BBCEB5D, 0x33BA675F, 0x339A5B54, 0xD357DA5E, 0xFBD9DC5A, 0xB3F95F4F,
    0x8FB9DF74, 0x37795E78, 0x2B39DE59, 0xDA97E648, 0xCABB5348, 0xEED75F68, 0x42FD7446, 0x9AE05C40,
    0xFE37C279, 0xAC041607, 0x2B91245D, 0x8FFDC776, 0xB3BDFC5C, 0xFBB04453, 0x8BBA5065, 0x9BB94463,
    0x8AD5D347, 0x3399EE60, 0xFB56DE5F, 0xB3BC5362, 0xABB7E062, 0xFB34E65E, 0xA3FA7362, 0xB3BAD858,
    0xFB38565F, 0xEBCB7062, 0x42A0F742, 0x3B0FC151, 0x9E304E76, 0x32B17448, 0xB3F7DF5C, 0xF331775E,
    0x2BDBD45F, 0x2BDBC85D, 0xB3B5F85A, 0xFBB3605B, 0x3757EE74, 0x2BBAE760, 0x43CAE461, 0x9A60F643,
    0xDE974278, 0x2E29C372, 0x2BF7C758, 0x8BCBF465, 0xD2B75C40, 0x8BB15C50, 0xA88D6A40, 0xC2A61D84,
    0xB0433E4A, 0x74331587, 0x88873B49, 0xD5F36BA0, 0xF3B16A60, 0x8EDA645E, 0x9BD8F85C, 0x8F317170,
    0x475A7275, 0xABF8574A, 0xFB98E24A, 0x9B386248, 0x42B8D747, 0x2BF2634C, 0xBF96F776, 0xFBBDE459,
    0x9A976E48, 0xA3F02C4C, 0xAA175F40, 0xD7975F78, 0x8AC93446, 0x337C3A51, 0x333B5A5F, 0x33147B5B,
    0xDB16CB52, 0x3BCEEC4D, 0x2BD17055, 0xCAF5DA47, 0xFB567B5E, 0xBA59D247, 0xC757E278, 0xEBCEE75E,
    0x337CDA51, 0x435D4E50, 0x53166A49, 0x8FF8576B, 0x8B2BFD4B, 0xA2980240, 0x47774279, 0x9EACAC6E,
    0x32FF674A, 0xF3E92B60, 0x9BF34756, 0xBFBF276F, 0x9FCCCE76, 0xB2FE7049, 0x322C7249, 0xE61EEB57,
    0xE3B33352, 0x9BD3FC51, 0x9BBA6B57, 0xFA9E7E49, 0x82FD7049, 0xEB9C4E4A, 0xEBB63350, 0xB7537B74,
    0xFB328246, 0xD6D03F65, 0xEED9766B, 0x8AE93046, 0xFBF3D84D, 0x96FDCF55, 0xFF586772, 0x8BFDE450,
    0xBE2C4A60, 0x8EB53B54, 0xD6795E54, 0xEFF7EF75, 0xE3E9DC52, 0xFB764A4A, 0x8BFBE34A, 0xFB17E548,
    0xB2DDE649, 0x4FF3E36E, 0x43366949, 0xFB096D49, 0xAA908245, 0xA61E4F71, 0x364C4F6E, 0x9A2ACE47,
    0x3216C548, 0x87132574, 0xFFF9DC73, 0x9BF57A49, 0x4F965B78, 0xFF776E74, 0xFF56DE78, 0x8F96EB75,
    0xAFD6EB72, 0xEF37726F, 0xCFD8DE75, 0xFBF6D748, 0x9B0CF14D, 0x863EC657, 0x473DCE6C, 0xEBBF2F46,
    0xEA5D3742, 0xEA374240, 0xD2C93044, 0x3F3DC675, 0xEFDEE874, 0xA2F62447, 0xB23E2647, 0x8ABDCF47,
    0x3AD14A47, 0x9B3A5A4D, 0xA6D67F5C, 0xD79D4674, 0xE3F74F4B, 0xFE775E5B, 0xB33B6649, 0x3E3C5A5C,
    0xEB99524F, 0xE593628E, 0xAC39B847, 0xE573F98C, 0xE27D4241, 0xCA305980, 0xA6C8B05E, 0xC7D4BB91,
    0xA065AF49, 0x38A7FF87, 0x478CBA70, 0x8EACBB51, 0x5EB24750, 0xE62C4A60, 0xEB73FD44, 0x8E4C6F60,
    0x8EEED350, 0x9B793245, 0x8ECEDE50, 0x8BDCB053, 0xD6AABB51, 0xD2B86343, 0xB0574041, 0xCC127680,
    0xB4554F40, 0xC4165280, 0xB45DAF46, 0x8017CD87, 0xDEE97755, 0xB39FCA51, 0x54521CE5, 0x9BD97A53,
    0x8AF86F48, 0xD336C757, 0x8BFAE354, 0xFBB4FF52, 0x93B8664D, 0xE798E274, 0xFFD1EC76, 0xE2B67B48,
    0xD25A5749, 0xFB99EA4F, 0x3E2B4162, 0x3F1DF56E, 0x8A0C0140, 0x2AD3A446, 0xEE36B36D, 0x3733CE6B,
    0xFBD67060, 0xF6A87451, 0xEEC93073, 0x426CBA4A, 0x9F7FFE71, 0x9EB9CF54, 0x82CE4F48, 0x8BB3B347,
    0x8E57E952, 0x8B53F547, 0xEFDDEF6A, 0xEE4C5660, 0x9B7C5945, 0x9B3F6645, 0xAA900246, 0xD27DF640,
    0x2E4F766C, 0x8A483B47, 0xEE4A7753, 0x2FD3A476, 0xEBBE3B5A, 0x8E7FCE53, 0x8BFFC75F, 0x4E4C7960,
    0xFA16D949, 0x9E2E7652, 0x33FCB047, 0xFEEE5C52, 0x8B1FB151, 0xE6F7C74F, 0x4FEE5F79, 0xB3D3324A,
    0x56377551, 0xEBEB3B46, 0xEAE0FB42, 0x5BB0B344, 0x9BCC2446, 0x331DC663, 0x37BF446E, 0x8A8DFA49,
    0x93D6CC63, 0xB35E29D3, 0xEB79F359, 0x2B5AEE58, 0xF377CF5B, 0xFB5D725B, 0x32D95F49, 0xB39D725A,
    0xDAD95F49, 0xBBBF7057, 0xFAD55349, 0xABBEFA59, 0xCFDF4670, 0x32BDC345, 0xEA9DC741, 0xDEF3FC6F,
    0xEA533A47, 0x3AD96C49, 0xABFD5F52, 0xF35F4E54, 0x9AF6F649, 0xEBDA6B59, 0xF75FDA6F, 0x43EECB4F,
    0x9AB3DB47, 0x431C3B4E, 0xB7717E70, 0xB34E374E, 0xEA4DCA47, 0xFB78BA55, 0x9A7A564A, 0x9BDDCC52,
    0x37F0B46B, 0xBAFD5344, 0xDEB95A72, 0x2EEFA775, 0x37A92B70, 0x3AF2AB4A, 0x42692A4B, 0x43732A54,
    0x433FA550, 0xD313F54D, 0x4B337646, 0xEA3B4A47, 0xCADEA646, 0x8F2A7A6E, 0xB2F86F47, 0xE27D6E47,
    0x3709CD6A, 0xEAA9284A, 0x3F73F66E, 0x3392FA5F, 0xDA5D4246, 0xEA37EB42, 0x367EC66D, 0xB2483245,
    0xCB28A654, 0xF2BFCC48, 0xF2BF4B49, 0xC6536259, 0xA676FF59, 0xFBBBF358, 0x92D1F447, 0xDB764B5C,
    0xDA3BDF49, 0xDBD8D759, 0xDE546A58, 0xC3FBE359, 0xABB96E59, 0xB7DB6B6E, 0xB3975A57, 0xEFC9E26E,
    0xF6DF2F74, 0x8A137D41, 0x2B6ACE4F, 0x9E292263, 0xFBDD585C, 0x8BEA4C5E, 0xA2E97747, 0xD20ED946,
    0x3F93BF73, 0x37BD4F6E, 0xB2BDF347, 0x9BAACF52, 0x4BD24B4E, 0x3BC9284E, 0xF37FF654, 0x9B73764A,
    0x930A4947, 0x3B3DA549, 0xD2497B47, 0xEB70AB55, 0x92175D41, 0xBAF44740, 0x4E702671, 0x47B1D371,
    0x3F7D5E6E, 0xEF395D6F, 0x3B76EA4B, 0xFF94DE6D, 0x8BF25751, 0x8BFC7455, 0x4BB7674F, 0x3F16D572,
    0xFF31FE6D, 0x8BF45752, 0xEE7C6B68, 0xEF14F570, 0x9BF6484D, 0xBF14796D, 0xEB36EE47, 0xB25D7546,
    0xD2775D40, 0x3B33C546, 0x9AC8C048, 0x22889F46, 0x3371265A, 0x9A7DD24A, 0x33F0BC58, 0xFA8FF74B,
    0x4EC97067, 0x3A186D49, 0x4F1A4D6E, 0xEBFCF84A, 0x53F6474C, 0xEBFF6849, 0x4A9B5F49, 0x4330F646,
    0xEB375A47, 0x8B97E747, 0xFBEB7747, 0xFA7D7542, 0xFE9D7F79, 0x2AEF2840, 0x8ADAF448, 0xFF5E7679,
    0xDAB25447, 0xB3587B5B, 0xB2BBFA47, 0xCA5E2747, 0x8AB14B47, 0xDA955B47, 0xC21BFB47, 0x9AFE2647,
    0xCAB14B47, 0xFABB4E47, 0x9A3EFA47, 0x9F91CA78, 0xAE71FB64, 0xFABE4E47, 0xD300B14D, 0xA340C24B,
    0xAFB7C278, 0xFAAA7448, 0xB2CA264B, 0x9E294B72, 0x326AA646, 0xB3F16762, 0xB2C92A4A, 0x9A897F47,
    0x8B6AF65D, 0xC8367187, 0x90876447, 0xE2C9CB46, 0xCA585D89, 0xDA1F2747, 0x921F6B49, 0xCA51A646,
    0xFA527F47, 0xDA4A2749, 0xF2DD7C46, 0xDAF76040, 0x43D8E34E, 0x9AF9D848, 0xD6D2FF6E, 0xDAD4E448,
    0x8A97FB49, 0xEB3BDB5B, 0xE33ADA5C, 0x93FCDC58, 0x9335D64E, 0xDB37E357, 0x9F98E671, 0xF33BE24F,
    0xD3156351, 0xDBD86E53, 0xFBB1584B, 0xA7F3F76E, 0xFBBD4E5E, 0xA3E9DF5F, 0xE2B37743, 0xE298F242,
    0x8BC9DF5C, 0xEE892068, 0x37D36A72, 0xFBFACF5E, 0xB3C9C45F, 0xFABC5C49, 0xF7744F6E, 0x3ADD2049,
    0x8AF6CB47, 0xFABA7349, 0xD7FE536F, 0x4B3FCA48, 0x8B5CD346, 0xFFB3C473, 0xFBBDFC54, 0x3FD44671,
    0x335FFF61, 0x2A5DAE46, 0x2AD1F440, 0x2ED3FC71, 0xF2F0DB48, 0xEEB9F46B, 0x2A9A7F4A, 0xFB1DCD5D,
    0xD31D654E, 0x9B1BC94D, 0x9F966373, 0xCBFA5F4E, 0xD3FB5B4C, 0xBBBC5F49, 0xA3377246, 0xA3386147,
    0x9B745649, 0x9BFFDB4F, 0xBAD9DE48, 0xD7FCD26F, 0x5ED07F6C, 0xCA5D7741, 0xBE1F7B71, 0x2AEF4C40,
    0x3ADF4048, 0x37795278, 0x8ABF4F47, 0x975DA773, 0x8AF5A446, 0xA7B4FF73, 0x8AB84F47, 0xB791EF77,
    0xEA714E47, 0xE29E4E47, 0xE35E2751, 0x9AA95747, 0x32FE4B47, 0x92F4F847, 0x3A3B4E47, 0x9BFFC752,
    0x5310AD48, 0xFA203D40, 0x5370B544, 0x8AC93846, 0x3731D276, 0xA3B5A75A, 0x2BBD4F57, 0xB3F2E359,
    0x32EED447, 0x9B7A5253, 0x9B976753, 0x8BF8D457, 0x33EE6C56, 0xF358DF53, 0xB759DF74, 0xA218D347,
    0xF3D6EC50, 0xB3F95F5A, 0x3B37E655, 0x3B4ADF59, 0x8A303245, 0xBA375E40, 0x2EEDDE74, 0x3269A249,
    0xE37F465E, 0x3BFCF35B, 0x33F64C56, 0xEBD17C5D, 0xFA33D247, 0xF2916A48, 0xB2F97048, 0x9B99D24D,
    0x9B39DE51, 0xEF946378, 0xE3B96B4F, 0x9BDADA52, 0x43F6DF52, 0x97FAF074, 0xA3785B54, 0xB32BF952,
    0x1D5E1CC1, 0xA6503160, 0x2BEF2447, 0xC349AA59, 0xD2F97A47, 0xEA736E47, 0xB3D8605E, 0xAFB6F678,
    0x2B7E4A58, 0xFB78D64D, 0x3B122952, 0x43FBC84D, 0xA7F84871, 0x8BFDF84C, 0x9FF5CF77, 0x433D574F,
    0xEFF8CC70, 0xA2F2CB46, 0xFB3DD64C, 0xEB2F024A, 0xBEF9DE75, 0xFF37C375, 0xB791A718, 0xEB89285F,
    0x2B29AA60, 0xF3937E5D, 0xAA73CA46, 0x2B52CA57, 0x33B87862, 0x2A5FEE47, 0xFA9BEA47, 0x2B58D657,
    0xBBF1FB60, 0xB3F8FE59, 0xFB9CEA5E, 0x9AB1FF47, 0xEAB24647, 0x93D8F056, 0xF36B5E5D, 0xDADD4041,
    0xE29D7642, 0x36A8C36F, 0xF2A94449, 0xB3D1CC5A, 0xEB5F6A54, 0xCB534F58, 0x9AB7CB48, 0xA3DF7454,
    0xEA777E49, 0xCFB6536F, 0xEB7A5A51, 0x33FCDC56, 0xEBD17C4F, 0xFB5E4759, 0x3B13D552, 0xEBFA6448,
    0x3F37F16E, 0xEBF1E44B, 0x3BFDAE52, 0xEAD47642, 0xB691F76C, 0x23B0A45A, 0x9AB7E84D, 0x2ADD6C4B,
    0xB391C357, 0x32BA2049, 0xFBF1A75D, 0xE6A84069, 0x43B42751, 0x4BB5534D, 0x8B366A4A, 0xF3FF504A,
    0xFBF5444A, 0xFBFB6350, 0xFFB7676E, 0x4FF37B71, 0x83F56F4B, 0x579C766E, 0xE2FD7745, 0xB2F44740,
    0x4630DF75, 0xC73F2621, 0x33B1D356, 0xEBBDD054, 0xCF3FD373, 0xD33FC65A, 0xEB56D35E, 0x8BDDFC61,
    0x2BDFC45E, 0xFBBC445A, 0xEBB1585B, 0xFBBDE462, 0x2BDFD05E, 0xF3B65059, 0x33B1705A, 0xF3D47F60,
    0x2BDFD05D, 0xDBABF459, 0xDABD7641, 0xD6BDCE6E, 0x22E93B41, 0x2AEEBF46, 0xEA6A3E48, 0xBFEA2775,
    0x926A2647, 0xD2FEF347, 0x92CAFF47, 0xB2EA4A47, 0xA27FF747, 0xAB4ACA5B, 0x2AD56C47, 0x92D2C846,
    0xFB7E5760, 0xABB55457, 0x2BCA4B5D, 0xBAFB4B47, 0xE2FDA746, 0xEBA02F4C, 0xA3774349, 0xAE97DF6E,
    0xFAA9B046, 0x37F4CC6F, 0xA3294660, 0xBB93FE5C, 0xEBB94850, 0xA2932647, 0xD3BFF75C, 0xC396465D,
    0x2B7BEB5E, 0xDAD86748, 0xD2B2EA47, 0xF3996F5B, 0xF3766B5A, 0x2A8A244A, 0x32ECCF47, 0xEBDC7C5E,
    0x32C95B49, 0xD2A0C044, 0xF2F0B340, 0xAE4E7E76, 0xF253FE48, 0xEA5CDA47, 0x97F56E74, 0xAB7B575C,
    0xDB73FB5E, 0xF65B6E5E, 0x2BB5A659, 0xC3F8CA5B, 0x937FEF5A, 0x53F8EB5F, 0x4FF5EF73, 0xA33CD64B,
    0x2B885E4C, 0x9FDFA46F, 0xA2A8C447, 0xCAC95749, 0xEE002B60, 0xA2FDC343, 0x92F1C741, 0x2A8AAC40,
    0x93ABB46A, 0x2ECC4070, 0xDEBF7F6C, 0x8EDE7A73, 0xF29ECF43, 0xE2BFC742, 0xAA1FCF41, 0xE2BF7F42,
    0xAA967E42, 0xBA9DCF41, 0xBA3D7F42, 0xA23D7F42, 0xFEA93C6A, 0x2B5DAB64, 0x92FF2749, 0xB769AA70,
    0x2ED4A862, 0x9BBFC45A, 0x88259A86, 0x7885C846, 0x88E59988, 0x2AD4C846, 0x2AD2CC46, 0x2AD7CC46,
    0x2ADD7C48, 0x2BD6685D, 0xCAD9C446, 0x3B727B5E, 0x2B69F75C, 0xBBBF745D, 0x8BAA5059, 0xC3AF544F,
    0xA37F4657, 0x2A717B47, 0x2FDA6470, 0x9BCBF061, 0xEA7D4243, 0xE67B7A6F, 0x97AC2C6F, 0x5C949907,
    0x22694F4B, 0x3ABD244C, 0x8BD1CC60, 0x9BDDE450, 0x93A8F863, 0x327F774A, 0x9BD9685B, 0x2A51E648,
    0x9AD1D447, 0xABB7F057, 0x2B91FE63, 0xDBBD585B, 0xF25BFF49, 0xAA51C647, 0xFAB5CF47, 0x8B567B57,
    0x9BD5465A, 0xB7F6566F, 0x2A892048, 0xB2EC364A, 0xFBAD2467, 0xA35FCE55, 0x96BAD759, 0xB79A4E6F,
    0xF2935248, 0xEEB9EE5A, 0xA3DF6A57, 0x9B75D259, 0xF2B00347, 0xE2747742, 0x8E38636F, 0x9AA83847,
    0x23AAA458, 0x32B76849, 0xEBC92B66, 0x8BD1CC5D, 0x93D5A454, 0xA2A82449, 0xFABD7249, 0x337F765B,
    0xA36FDA53, 0x33E9B85E, 0x2B9C505C, 0xF25D2647, 0xA3B1C85B, 0xEAFCF747, 0x32B52449, 0xEA5E2647,
    0xB33ACE55, 0xE3FD4E5D, 0x9BDD3A58, 0xCA34F647, 0xEE743A5F, 0x32FE2747, 0xB3AAFF5C, 0x93294A55,
    0xEB73F656, 0x2A922647, 0xF2D07C47, 0x2A293A49, 0x9ADF7449, 0xCA2A4747, 0x3ADDFB47, 0xBB3E6695,
    0x7C5B4147, 0xB97ADE94, 0xAA3A4A47, 0xABDD3B58, 0xC7D1D86F, 0x8A976747, 0x8BEF7257, 0x96FD7360,
    0xE24B7248, 0x92D1284A, 0x9B51F655, 0xCBD37860, 0x3AF22A46, 0x9B7DFA4A, 0x376A5671, 0x9B6EFA4B,
    0x3F4AAF6B, 0x4FD1FF73, 0x434F6D4F, 0xB733CE6F, 0x9BF4BB4B, 0xD3F37749, 0xF3112949, 0x423D7D47,
    0xEB3DBA48, 0xCF1EC572, 0xB31FC949, 0xB37F524A, 0x8F346D6F, 0x3BFCAB4A, 0x43366D47, 0x3A9A6346,
    0x3BCDBC4C, 0x87D2BA74, 0xFF115174, 0xA3F1AC48, 0x4BEECF4B, 0x832F6347, 0x8B58394A, 0x5FF8DF6F,
    0xA3B95F46, 0xEBB67746, 0x537B4645, 0x5B5F6145, 0x9BD95346, 0xB2FE5F46, 0x9A7D6646, 0xEB513B47,
    0xA3AB6346, 0xF3596945, 0x8F7D496B, 0xD3BB4B46, 0x8BF3EA48, 0xD22B3945, 0xB33F5246, 0xEBF45345,
    0xEF7DE56B, 0x9AFDFF45, 0x9BCE4B44, 0x93D8EB44, 0xAB57E643, 0xEA5C4645, 0x4B1D4D49, 0x4BF1FE4A,
    0x576EBE71, 0xB37EDD47, 0xEB3D5645, 0xEBFECF45, 0x9B39DE43, 0x9FB9DF6B, 0x9FF7636E, 0x9A6ECA44,
    0x8BB3F745, 0xFFB3F772, 0x8BFD5F44, 0xEF18EE71, 0x8FAE636C, 0xFB395E44, 0x9BB7DF44, 0xFF58636E,
    0x9AB55744, 0x4B33CA44, 0xD3337645, 0xFB6EF547, 0x9AB45744, 0xEBBC7746, 0x83376245, 0xFFB7676F,
    0xEBFD6745, 0xFA5D7E44, 0xEBF96F45, 0x8E344560, 0x932DBD45, 0x8B3DBA44, 0x8F38726E, 0xEAB75F43,
    0xFB8E6244, 0x9B5FDF43, 0xEBFDCB44, 0x8FBA7F6E, 0x9AB8EB42, 0x5371B944, 0x5ABF7743, 0xFB2FF244,
    0xEE7DCD60, 0xEB9EDF43, 0xFBBAFF43, 0x9B37F242, 0x9A347E42, 0x9B37E642, 0xFB59E742, 0x9BBDC344,
    0xEAEF4740, 0x9B3DC242, 0xFE374258, 0x8B776642, 0xFEF0BF6F, 0xAEB76771, 0xEBF85F42, 0xEBD86742,
    0x8B376741, 0xFB57DF43, 0xFFF03F76, 0xFEF94375, 0xB3703E40, 0xE6F8C356, 0xFE79DE6A, 0xCE37C373,
    0xCE17E36C, 0xC7F7666F, 0xBF175E60, 0xBF37DF6E, 0x9EF9DE71, 0xB3395E40, 0x8F38DF71, 0xBB176341,
    0xBE395F71, 0xFE775E72, 0x8B195E40, 0x87D9DE74, 0xCF305F6F, 0x9BF14744, 0x9A71C642, 0x9E98E374,
    0xF37DFD46, 0xFAB44F40, 0xC3376743, 0x52734D40, 0xC2547644, 0xAEB95E77, 0x00014040, 0x00014040,
    0x00014040, 0x00014040, 0x00014040, 0x00014040, 0x00014040,
)
